dataset,mode,candidate_protocol,fold_count,held_entities_total,test_positives_total,unlabeled_candidates_mean,auc_mean,auc_sd,aupr_mean,aupr_sd,f1max_mean,f1max_sd,recall_at_p_mean,recall_at_p_sd,map_at_10_mean,map_at_10_sd,ndcg_at_p_mean,ndcg_at_p_sd
Cdataset,drug,1:1,10,663,2532,253.2,0.8141958185388226,0.0309070738313779,0.8273950083573363,0.0257871223606078,0.7712832112892924,0.0341285146864702,0.7571290995776631,0.033902940996904,0.8534528783124051,0.0249019702648356,0.7971854624016323,0.0279344027724125
Cdataset,drug,1:5,10,663,2532,1266.0,0.8182758371696128,0.0307464486775332,0.5943818526565531,0.0447591197708545,0.5888337735219487,0.0372691379544607,0.5648795134167127,0.0375480618150684,0.6557841622693183,0.0524362535128529,0.6211685231686628,0.0319822337475778
Cdataset,drug,1:10,10,663,2532,2531.1,0.81843380522408,0.0308540251637863,0.4657017345113537,0.0505287534581887,0.5011566983234175,0.0332020903996902,0.4743654619651949,0.0370186490104759,0.5561907980219325,0.0607436699514358,0.5281189390552123,0.036144320216762
Cdataset,drug,1:50,10,663,2532,11375.3,0.8173745492314218,0.030050794100974,0.2154423280355492,0.0391739423496753,0.3157496683834916,0.0406233423647667,0.2906451050668314,0.0516609038610017,0.3268274382000987,0.0667696712927946,0.3284896242753019,0.0500645896953765
Cdataset,drug,full_unknown,10,663,2532,26863.5,0.8167785547504778,0.0300466466808516,0.1134942061905343,0.0275361478485411,0.2143142742593765,0.0401644216433298,0.1981593892426308,0.0424476305832698,0.2123411574183754,0.0480566736006389,0.2177432048361685,0.0438691446053997
Cdataset,disease,1:1,10,409,2532,253.2,0.819364348839321,0.047673645565241,0.8456815195310459,0.0410850815610045,0.7687147147015697,0.0433399967760926,0.7534272591570432,0.0443212039753643,0.8562119292658347,0.0286101441158801,0.7997343958411499,0.0389889297527656
Cdataset,disease,1:5,10,409,2532,1266.0,0.817213796018448,0.045509428300429,0.6451016246394327,0.0746907098022928,0.6208782802235016,0.059513787552323,0.5992610395483514,0.0584370214418957,0.6764699656330463,0.0446816434533536,0.6621592993089195,0.0549862087292439
Cdataset,disease,1:10,10,409,2532,2485.6,0.8168604424793425,0.044866294340716,0.5502866444101735,0.0772654700583488,0.5510898277638876,0.0762017913322389,0.5236782833359054,0.0759249920983585,0.5955762606849424,0.0559799213021072,0.5922020789454198,0.0661540546958026
Cdataset,disease,1:50,10,409,2532,9559.2,0.8143405083933812,0.0450080725316736,0.35709705097515,0.083358754591269,0.4218414167079953,0.0791515490234966,0.3969717270804809,0.0775082828337574,0.4228405242957616,0.0513846135602875,0.4592050225260046,0.0729350542254709
Cdataset,disease,full_unknown,10,409,2532,26863.5,0.8108045905256228,0.0431415013401115,0.2191222965974435,0.0653098208516338,0.3249973694184015,0.0808360595989866,0.2888156857495608,0.0811242687550265,0.2948856012238906,0.040485238877214,0.3350218687880175,0.0740302579236188
Fdataset,drug,1:1,10,593,1933,193.3,0.7972698881207483,0.0320839997516468,0.8147852021775549,0.0264275126429397,0.7517455186560218,0.0295174267278939,0.7311503718050633,0.0309048392798255,0.8576216500664401,0.0229799633691333,0.779301872509204,0.0267155596487513
Fdataset,drug,1:5,10,593,1933,966.5,0.7938357357274202,0.0254202757725342,0.5557355534905223,0.0411383397603993,0.5599023672557573,0.0342413290684527,0.540384040977193,0.0399280353091271,0.6476599109998677,0.0380176165026726,0.5990123291879114,0.0374567620761565
Fdataset,drug,1:10,10,593,1933,1933.0,0.793966135620931,0.0250578335155194,0.4285879290436455,0.0430689487303603,0.4720460931506022,0.0374333697484805,0.4493854761103429,0.032194242875914,0.5445166688018584,0.0349865607735085,0.5074373521296713,0.0338743804131491
Fdataset,drug,1:50,10,593,1933,8587.1,0.7931810979445847,0.0247714260943042,0.1915888316264117,0.0334186258757769,0.2976498971520562,0.0404901358044693,0.2771407111471983,0.0382108766576359,0.320325293321974,0.0459537691364937,0.3136750366402092,0.0453585447366695
Fdataset,drug,full_unknown,10,593,1933,18367.6,0.7916534011790016,0.0252981552833482,0.1062533970466115,0.0200484910111442,0.2018653509349262,0.027274394739555,0.1726641184248488,0.0269242348754477,0.2045128674931994,0.0300021435522774,0.200165219654443,0.0290832567592064
Fdataset,disease,1:1,10,313,1933,193.3,0.7665897368506759,0.0307020985870585,0.7956620703358942,0.0295538522099514,0.727685218150106,0.0257383619568826,0.6974597276656792,0.0280495545454701,0.8212649245583462,0.0357156097384105,0.7508086295614269,0.0266262296486315
Fdataset,disease,1:5,10,313,1933,966.5,0.7672521486974007,0.0248287390820731,0.5358030398237676,0.0551084032529458,0.5327417166903489,0.0374202823721985,0.4908786568781306,0.0447343998338711,0.6170103294071139,0.045938372858115,0.5637440878744056,0.0496527542186993
Fdataset,disease,1:10,10,313,1933,1865.6,0.7691098799277643,0.0278815011034622,0.4250499409462434,0.0669796281599116,0.4574103579252586,0.0616843539357811,0.4199485863954509,0.0482583905358891,0.5227981833218278,0.0623322597684034,0.4918815325211675,0.0571145654444393
Fdataset,disease,1:50,10,313,1933,7301.7,0.7716696849774787,0.0308936835945047,0.2298513512865525,0.0675029242197837,0.3178824526003817,0.0779909650475193,0.2967455203542591,0.0784877650381627,0.3333877444823135,0.0923614193469818,0.3529827754405431,0.0839596641148503
Fdataset,disease,full_unknown,10,313,1933,18367.6,0.7735036008675695,0.0300759168262068,0.1233606604693525,0.0478225293763597,0.2321201406182964,0.0756418603344207,0.1924312303192629,0.0745508766076812,0.2037397008964129,0.061920446035906,0.2295503722304504,0.0739276638571866
LRSSL,drug,1:1,10,763,3051,305.1,0.8102570527367234,0.0345852904302753,0.8224003925433919,0.0313931779461888,0.7642807329170638,0.0375280975305921,0.7554219552701475,0.0382508727885693,0.8448706820578856,0.0338397308542195,0.7962828231381694,0.0323222488571808
LRSSL,drug,1:5,10,763,3051,1525.5,0.8104888662385971,0.0366394291335658,0.6072533959775566,0.0521356018119679,0.6016917079869553,0.0464278357384799,0.5892616149172075,0.0474986413820825,0.6347822495495249,0.0475088028094411,0.6455487886419797,0.0421037361395748
LRSSL,drug,1:10,10,763,3051,3051.0,0.8122815690257663,0.0372605793725429,0.5049259108682199,0.0590812297079708,0.5226399393958941,0.0507022595796065,0.51296873714481,0.0539696099035635,0.538453451312457,0.0483197896623504,0.5728376196535078,0.0488439177888121
LRSSL,drug,1:50,10,763,3051,14834.1,0.8136265261679183,0.0376675511784371,0.2802330843712116,0.0515260919830402,0.3433106076103004,0.0541522000645618,0.3314634601400348,0.0542825251986312,0.3327726810595254,0.0452936839244758,0.3922414309197252,0.0502648668863904
LRSSL,drug,full_unknown,10,763,3051,51655.2,0.8130555464647262,0.0376979538312538,0.153361247460989,0.0437451985493423,0.2356735093633836,0.0410030640632082,0.2173743630241399,0.0420540897210494,0.1767341682218886,0.0312378987193881,0.2701625802083781,0.0502188936718938
LRSSL,disease,1:1,10,681,3051,305.1,0.8260354739584164,0.0408940870527827,0.8263850484203328,0.0422698846018215,0.7820714558714379,0.0456606190637116,0.7751353996743275,0.0476657419441302,0.8662570366008723,0.022499949972217,0.8084087007299694,0.0412004831154123
LRSSL,disease,1:5,10,681,3051,1525.5,0.8264443732412803,0.0395343605538222,0.6046945756764316,0.0641006314347416,0.6244391491787509,0.0418028290916606,0.6107749068075479,0.041983495892619,0.6855860553158462,0.0344124372425748,0.6530177305272792,0.0420813310969325
LRSSL,disease,1:10,10,681,3051,3045.9,0.826600730823764,0.0385609441323104,0.4813618015519408,0.0676715193554111,0.5334724526471429,0.0479438257350108,0.5157796326194418,0.046180260187005,0.5881004537986694,0.0413829038206112,0.5570726585764606,0.0510250731403237
LRSSL,disease,1:50,10,681,3051,12615.2,0.826753506343589,0.0383939133293985,0.2233639063370685,0.0539836771998814,0.3399999442595064,0.057911328563902,0.3166706869798982,0.0579515266928837,0.353987010917491,0.0291723504878334,0.3248385764775882,0.057648150362876
LRSSL,disease,full_unknown,10,681,3051,51655.2,0.8301668085221181,0.040734973604541,0.0863968625044981,0.0318453521626886,0.1864973686157647,0.0447075556922981,0.15560686104881,0.047543465991668,0.1656914408174702,0.0306181659003152,0.1563802493818326,0.0506319542235184
Ydataset,drug,1:1,10,1478,8448,844.8,0.8406042635557706,0.0208145359753088,0.841962361439615,0.0210501882065918,0.7889365172976464,0.0180205855656786,0.7841219660266582,0.0164803679231485,0.8711974936622147,0.0206632894241713,0.8094798772560827,0.0174350735298704
Ydataset,drug,1:5,10,1478,8448,4224.0,0.8429213571391314,0.0220488720645448,0.6121992846663223,0.0438489469076104,0.6076336037152676,0.0263272460660175,0.59451205181462,0.0273460495204521,0.6735243765011946,0.0277093184817263,0.6302206365256648,0.0303496745007393
Ydataset,drug,1:10,10,1478,8448,8418.5,0.8432617761451027,0.0213859599191772,0.4854026863493995,0.0439705693279417,0.5134627467385826,0.0297854304381873,0.5017154562085236,0.0285564835719978,0.5665492083998827,0.0270345398146836,0.5368664108023494,0.0300511802456
Ydataset,drug,1:50,10,1478,8448,34459.4,0.8419726180467462,0.0220024887678973,0.2302168729427357,0.0352629509408495,0.3220153915158855,0.0337921060975682,0.3068899740243432,0.0361256638193573,0.3288324904440166,0.0277895288563231,0.3318934219855081,0.0368915895388908
Ydataset,drug,full_unknown,10,1478,8448,95964.2,0.841385204039924,0.0226184680138699,0.1067686104743118,0.0255091925169757,0.1986073101703805,0.0308748569235029,0.1787263510576145,0.0343360869292451,0.171727141956096,0.0227783332515115,0.1933545249982309,0.0384418308611938
Ydataset,disease,1:1,10,655,8448,844.8,0.8573221966756591,0.0347731247866963,0.8678242990561404,0.0298576859807706,0.8085598360513384,0.0365380726617355,0.8026385330296465,0.0392616547897675,0.8993045676545675,0.0271984608090367,0.8317365782086436,0.0333866772004959
Ydataset,disease,1:5,10,655,8448,4224.0,0.8568107420523876,0.0354355944262583,0.7001069797665176,0.0515586640740889,0.6685062491342064,0.0445005439892721,0.6487946723879053,0.0511410814895936,0.746599496237889,0.0385460634473337,0.6939371760316515,0.045617593528286
Ydataset,disease,1:10,10,655,8448,8377.0,0.8570315079322862,0.0350813158925129,0.6091048189259669,0.0557093629327375,0.6004137886864771,0.0526368830478478,0.5824572499572149,0.0514863678306832,0.6659084437975311,0.0421232415359452,0.630322669518786,0.0466956635685567
Ydataset,disease,1:50,10,655,8448,28042.7,0.8550945056684711,0.0352218329127305,0.4126390985614886,0.0544282933825351,0.4740721690092149,0.0597757190168589,0.4495837023387407,0.0503171048334259,0.4731078016119682,0.0322125055982523,0.4958863816077513,0.0491482660297736
Ydataset,disease,full_unknown,10,655,8448,95964.2,0.8530390250748022,0.0379173960211389,0.2256629482332265,0.0580434690985497,0.3307259849738974,0.0633919702266418,0.3183412628767673,0.0636548744299642,0.2882013931321471,0.0312328222669956,0.3469297788821619,0.0641879751895021
LAGCN,drug,1:1,10,269,18416,1841.6,0.6103969969062384,0.0266816613912329,0.6080813991760003,0.033089313342855,0.6666666666666667,1.1702778228589004e-16,0.5790951844441792,0.0229327236327665,0.6382046398225851,0.0474233191222526,0.5967274631161846,0.0268164754177182
LAGCN,drug,1:5,10,269,18416,7392.2,0.6024371543882483,0.0286628874892807,0.2848035538754538,0.0314374853773712,0.3612978830076258,0.0237626526037948,0.3348560431764257,0.0270220979577039,0.3323143566253134,0.0619022445069191,0.3421574716865649,0.0336671345239712
LAGCN,drug,1:10,10,269,18416,10375.4,0.5945707057871394,0.0273148458618796,0.217978908154601,0.038441698777389,0.3032444694885018,0.0318873080204489,0.2747363336174434,0.0377882736114193,0.2693430787319676,0.0680122662737749,0.2784575476583311,0.0450813975618594
LAGCN,drug,1:50,10,269,18416,14104.7,0.5909697512966524,0.0285375923591613,0.169741339814707,0.0362225273047563,0.2572450643702104,0.0368526857374839,0.2299361555406777,0.0407190889166074,0.233354572724943,0.0711441397427842,0.2310058083425518,0.0461076148953026
LAGCN,drug,full_unknown,10,269,18416,14244.6,0.5909132154463637,0.0281321463431365,0.1684735452294288,0.0354200166171065,0.2560932388015152,0.0361925307724737,0.2284113988259155,0.0398590694907874,0.2330520056075611,0.070931826576885,0.2295491865997528,0.0450682594908896
LAGCN,disease,1:1,10,598,18416,1828.1,0.653226826614188,0.0250427635256598,0.6499597114009227,0.025924203886188,0.6681350506941846,0.0025800669887681,0.588276521601479,0.0264350129934512,0.6320753766478344,0.0386100839663108,0.62142323821983,0.0261294339784571
LAGCN,disease,1:5,10,598,18416,7265.1,0.6485029370666765,0.0314203244006873,0.3542866982796493,0.0330518259748815,0.4160789371496842,0.0359531728946011,0.3960409196649851,0.033749889382903,0.3987518944489284,0.0326787730342899,0.4245050759657535,0.0329894320820829
LAGCN,disease,1:10,10,598,18416,10817.0,0.644589938497945,0.032789591865569,0.2722165458062421,0.0313679874896362,0.3504199349839359,0.0350195771544175,0.3290289837041523,0.0345552215985521,0.3317565734014887,0.0326288886124163,0.3537680952155999,0.0341089312463931
LAGCN,disease,1:50,10,598,18416,14244.6,0.638860458084603,0.035149412477728,0.2174206283620718,0.0277304876075536,0.3010901378422495,0.0349753990323387,0.2776946434820107,0.0329632363594766,0.3018145199982064,0.0325413179740666,0.2985700540198793,0.0316743159596854
LAGCN,disease,full_unknown,10,598,18416,14244.6,0.638860458084603,0.035149412477728,0.2174206283620718,0.0277304876075536,0.3010901378422495,0.0349753990323387,0.2776946434820107,0.0329632363594766,0.3018145199982064,0.0325413179740666,0.2985700540198793,0.0316743159596854
SCMFDDL,drug,1:1,10,1319,49135,4913.5,0.7310600549609038,0.0198722291478491,0.7544814847374781,0.0170769197833009,0.6761026564348868,0.0136970983535166,0.6627565493613549,0.0212601026240563,0.7555381997945403,0.0288990460889414,0.6940139559036338,0.0195795305712805
SCMFDDL,drug,1:5,10,1319,49135,24553.9,0.7305772170228488,0.0198507422648947,0.4955142809261542,0.0248668181410682,0.5137998595369357,0.0208645239796465,0.5105636304147584,0.0220795998443551,0.5599693330129212,0.0302341383779673,0.5436294735645839,0.0213948484905171
SCMFDDL,drug,1:10,10,1319,49135,48042.2,0.7303146743397984,0.0199725920732515,0.383778981053455,0.0236777088734332,0.4358842390959822,0.0185743184810589,0.4343164758283411,0.0188894842854784,0.469297363575306,0.0313189235121029,0.4657957288975757,0.0187628421371939
SCMFDDL,drug,1:50,10,1319,49135,159124.7,0.7282475194901775,0.018393496423855,0.1960120124855422,0.0156411150493546,0.2865697242849108,0.0122828975781032,0.2833775519023784,0.0119225642661983,0.2663532463245105,0.0205622221575827,0.306477299989354,0.0127003537211763
SCMFDDL,drug,full_unknown,10,1319,49135,368891.1,0.724673761920209,0.0212715032998938,0.095326913022362,0.0115336727949036,0.184051109150709,0.0127761282572245,0.1774345544123161,0.0122416509173042,0.1572946030797493,0.0221875836847718,0.190761160706623,0.0144685610602907
SCMFDDL,disease,1:1,10,2832,49135,4913.5,0.6408922113445913,0.0148776117375136,0.6561292719228442,0.0116398179036658,0.6666666666666667,1.1702778228589004e-16,0.6163933166830313,0.0057888067956374,0.7450150389572651,0.01648840130504,0.6437511497517923,0.0057580257009305
SCMFDDL,disease,1:5,10,2832,49135,23731.5,0.6407892167702134,0.0136690035862389,0.3574624109891887,0.0138981356420183,0.3986188768734224,0.0196138398308404,0.3890141042872902,0.0227354599824802,0.4792282952336247,0.0224609077206783,0.4219427225241901,0.0187728161274374
SCMFDDL,disease,1:10,10,2832,49135,43361.1,0.6389695445592397,0.0135274275058846,0.2579043439183169,0.0151186386297224,0.3353953024856834,0.0159318018469777,0.3316564048277902,0.0159789042939857,0.376136264222681,0.0233049731911361,0.3588646338399085,0.0150470222969726
SCMFDDL,disease,1:50,10,2832,49135,124860.8,0.6391812210236785,0.0170523474832193,0.1345259394926057,0.014046956988823,0.2318996584280526,0.0167707626474904,0.2294585732460005,0.0176942332667046,0.2094199303460234,0.0144492718500155,0.248663276667638,0.0176969033394912
SCMFDDL,disease,full_unknown,10,2832,49135,368627.3,0.6481353256068147,0.0187793657316013,0.0680225598345295,0.0122613944116228,0.1588392754238386,0.015478655313712,0.1547132924364253,0.0148227908638898,0.1063533474538345,0.0085787713575099,0.1670828538036976,0.0174083685801154
iDrug,drug,1:1,10,1314,111481,10549.9,0.7494350829387659,0.0300630469008366,0.7843816305584047,0.0163921892577848,0.7098521324911203,0.0098745683008525,0.6903863713381657,0.0162382347925008,0.9417490275929876,0.0084408857617049,0.7135908038389787,0.0163342381467653
iDrug,drug,1:5,10,1314,111481,41096.3,0.7422218699437575,0.036843935722217,0.5388162866905382,0.0238548412012218,0.4969099807544205,0.0214938206380116,0.4925155783077503,0.0222675404352379,0.8270048141583057,0.0138972503375766,0.5236706740222016,0.023302658355191
iDrug,drug,1:10,10,1314,111481,67845.6,0.7386102682893626,0.0388307246245952,0.4371459380505699,0.0225265069765909,0.4277164659816027,0.0230364194356328,0.4247023186091609,0.0226971918255239,0.7462576002787725,0.0188079066098602,0.4559354328791799,0.0236867517911723
iDrug,drug,1:50,10,1314,111481,177458.3,0.7336944571924539,0.0401699262678299,0.2599354815370319,0.0226929611599213,0.3099460788653055,0.0246828000597066,0.308364482898306,0.0249481337463955,0.522237634497858,0.0259041574147958,0.3346688592159191,0.0260812954541362
iDrug,drug,full_unknown,10,1314,111481,509984.3,0.7373441315440075,0.0393986779480019,0.1169867163204287,0.0170223030066561,0.1986925303885,0.0211274358504364,0.1949684281161402,0.0207719101644176,0.3163126982777394,0.0317107435004666,0.2094219423874666,0.0223258555794982
iDrug,disease,1:1,10,3966,111481,11148.1,0.907987741494966,0.0099631800881521,0.901468606437064,0.0093269667191566,0.8508442646248495,0.0110623876710768,0.8441046124437591,0.0099619610905985,0.959449989352168,0.0029089978887024,0.8567703886154998,0.0092170845950013
iDrug,disease,1:5,10,3966,111481,53399.5,0.9092741039258886,0.009292482910079,0.7131895147294582,0.0180934283990719,0.681553903465334,0.0126526061411672,0.6730364427304597,0.0131247365428745,0.8671650954819861,0.0063933133338863,0.6926115308877575,0.0130087121365691
iDrug,disease,1:10,10,3966,111481,99973.4,0.9116764779358352,0.0089742215641214,0.6051021921940942,0.0201429278235205,0.5979428994809559,0.0130842845447996,0.5889434259469579,0.0140614202941608,0.7949741050274459,0.007691118249288,0.6098380767079108,0.0139754248613235
iDrug,disease,1:50,10,3966,111481,332729.4,0.9181657494794244,0.0092626149525207,0.3816853184561387,0.0247786755771503,0.4294776474354741,0.0152804372810421,0.4187326371288497,0.0173328559266752,0.5850917897413818,0.0080467590859488,0.4383961553141354,0.0185588097220888
iDrug,disease,full_unknown,10,3966,111481,512760.5,0.9228282885635276,0.0090568383584012,0.3166711676269159,0.0213113215022505,0.3780064774257426,0.0157667592982398,0.3668540678531932,0.016089313831121,0.4988350815602255,0.0113565675905445,0.3854732375248263,0.0172472595792866
TLHGBI,drug,1:1,10,549,1461,146.1,0.9568912325526504,0.0157634733958454,0.9659147560700034,0.0125540809891,0.9243422276420156,0.0151787738646468,0.9153853512757948,0.0179414707455505,0.9676237096971224,0.0125940723407527,0.9356741983314404,0.0137743791208163
TLHGBI,drug,1:5,10,549,1461,730.5,0.957157449424128,0.0145459841588887,0.9138391668744678,0.0193718990915214,0.8758681566738712,0.0102427726443417,0.8624190696450544,0.0128351594307178,0.9298069726936792,0.025381320588538,0.893304801593392,0.0108282332920064
TLHGBI,drug,1:10,10,549,1461,1461.0,0.9575511032885536,0.0147377389498786,0.8828412847902196,0.0239701797623968,0.8447634630819307,0.0134935950208582,0.831573183370663,0.0149019619171339,0.9059526378040929,0.0326116715605099,0.8683696291834775,0.0123318818905693
TLHGBI,drug,1:50,10,549,1461,7305.0,0.9572285524891704,0.0141644661061996,0.7375335609084692,0.0339294508104814,0.7141766772382633,0.0293322425522011,0.6961922212620968,0.0321143476889463,0.7984272544988815,0.0353945847421709,0.7506526072919876,0.0280623323791737
TLHGBI,drug,full_unknown,10,549,1461,278745.9,0.957176556637864,0.0143417476696663,0.1679853618342387,0.048482886583625,0.2601926023245782,0.0414749575964072,0.2446354745300933,0.0464341586963696,0.2783673950388236,0.0437681855909061,0.2876625995791369,0.0651031504516656
TLHGBI,disease,1:1,10,233,1461,146.1,0.7991960289340857,0.0580251828288284,0.8346312669671011,0.0547323477471456,0.7571134945707974,0.0489560294155895,0.730753834612708,0.0588731593643691,0.8646323650786802,0.0339889500515137,0.7841756423964079,0.0519440011850831
TLHGBI,disease,1:5,10,233,1461,730.5,0.798680923619769,0.0568526739136875,0.6057912194456068,0.0904630159038819,0.5972144419090523,0.0922628112851557,0.5727000694772508,0.0956727582389579,0.6872868793954781,0.0749231656199224,0.6406541649530296,0.0801995650073351
TLHGBI,disease,1:10,10,233,1461,1461.0,0.7995436974803593,0.0558642575838709,0.494229043825829,0.1013324335587346,0.5320243008401594,0.0935168867530406,0.5111060060121992,0.0940989076326806,0.5925792811236813,0.085643606807368,0.5771916077418711,0.082470641297551
TLHGBI,disease,1:50,10,233,1461,6482.7,0.7990056430192795,0.0643181223157643,0.2818953417954202,0.1037691607707776,0.3808087297783739,0.1120847567505224,0.3363313418345039,0.1112071094587526,0.4004847873613347,0.1124314300774114,0.403321719658098,0.1038072054306346
TLHGBI,disease,full_unknown,10,233,1461,32683.6,0.807261396046641,0.0792356540106533,0.1157759472137654,0.0674967077052242,0.2201472635521663,0.0884496434072397,0.1806250473624418,0.0749355498431914,0.2135415792021317,0.1051515646136497,0.2251754520284344,0.079637888813919
