method,dataset,candidate_protocol,auc_mean,auc_fold_sd,aupr_mean,aupr_fold_sd,f1max_mean,f1max_fold_sd,recall_at_p_mean,recall_at_p_fold_sd,map_at_10_mean,map_at_10_fold_sd,ndcg_at_p_mean,ndcg_at_p_fold_sd
IHWKNN,Cdataset,1:1,0.9418275487221193,0.012135758722358492,0.9558970100155696,0.008255236460068193,0.8923220442161656,0.01490436965835629,0.879530671314307,0.016222841878289426,0.9905747041224297,0.004037546593068493,0.9059097988834072,0.012751760846136268
IHWKNN,Cdataset,1:5,0.9415561944481385,0.009381897490484242,0.8808270261087576,0.011348998972265732,0.8183987861491845,0.011209804167849046,0.8044925461392426,0.016283356154047857,0.9616700491290453,0.008000467500356974,0.8447880078465037,0.012826007645681934
IHWKNN,Cdataset,1:10,0.9418330455582471,0.009227994043691243,0.8368922726296979,0.016208494918123525,0.7812070593705647,0.017672557941048817,0.766179079393732,0.01896945421713751,0.9356033935419747,0.00930540728262779,0.8131591631712165,0.015769427684977366
IHWKNN,Cdataset,1:50,0.9412211642582606,0.00882146210687322,0.696991129198274,0.021347146905504096,0.6776903498501614,0.019566866777367513,0.6516541657589244,0.017048147925864773,0.8457170828721876,0.015196144934752893,0.7151316018987381,0.014533815247949902
IHWKNN,Cdataset,full_unknown,0.9412215395339258,0.008835129695039396,0.35743035241547655,0.03021166767377607,0.4278515123331327,0.02793679747107063,0.4071893187264635,0.025511423952886227,0.629194212686724,0.02837960755084775,0.4833278769598469,0.02470579425004631
IHWKNN,Fdataset,1:1,0.9231824329226732,0.015899878839287035,0.9394461007986903,0.01061606710486626,0.8711197381311695,0.014773589292754715,0.8566823353453341,0.020221707711711442,0.9899767993957347,0.007200938678172773,0.8883985845131217,0.01538792471313675
IHWKNN,Fdataset,1:5,0.923618283207144,0.014453899364316672,0.8439151005693786,0.02316165455712009,0.7847294886089122,0.027348683268838134,0.7702793654185139,0.03057034895649317,0.9584404129772075,0.011745034659760189,0.8179885973279306,0.024538934976795504
IHWKNN,Fdataset,1:10,0.9241457361678747,0.013651742880015773,0.7887866419883489,0.025556897583240406,0.7401689300632301,0.02453513700525064,0.7221702900486086,0.02707572915731239,0.9278898904207198,0.014390865573026192,0.7779645249893428,0.022347029077603307
IHWKNN,Fdataset,1:50,0.9228843506313178,0.013973094300271742,0.6176659094040583,0.038728884574304366,0.6144189970197717,0.03545942513703533,0.5886731478019336,0.0339509186267301,0.820901569699798,0.01877764555863302,0.6609837944667352,0.02908225734691967
IHWKNN,Fdataset,full_unknown,0.9229493018119816,0.013765410357803999,0.27148138459217425,0.03713485926700537,0.35113347790620886,0.028701301862207346,0.33416751241920833,0.022528547458885297,0.5658345037438872,0.03244663828391376,0.4128596084354312,0.026179558225008424
IHWKNN,LRSSL,1:1,0.9214833659336849,0.009534282717491535,0.9325902640447534,0.006857666297818006,0.8643452615660984,0.011326286755940747,0.8544765884495875,0.013097554268131369,0.9849549647179515,0.004427709602740403,0.8833093495821558,0.01019979379814625
IHWKNN,LRSSL,1:5,0.9217682084159478,0.009560934512964792,0.8256312565923911,0.014561007188454735,0.7604772662610223,0.01691448150284013,0.7525436622736527,0.016090193284336977,0.9451908321704752,0.010059321585185984,0.7976150315029521,0.013304204619135063
IHWKNN,LRSSL,1:10,0.9222181564894709,0.0097525034924468,0.7584559286316619,0.018028461897807484,0.7073781017330099,0.015724986683585497,0.6964909461052181,0.0171215790945321,0.90656422726791,0.012838804234215602,0.7490211908354809,0.014330090391026637
IHWKNN,LRSSL,1:50,0.9220492003254834,0.010059781630112003,0.5625492029401605,0.02416366897284543,0.5670715759836982,0.024149241737077935,0.5499849994642665,0.0243090492011458,0.7800959115589681,0.019619615699927297,0.6162201731100485,0.021836585527029263
IHWKNN,LRSSL,full_unknown,0.9220439900873046,0.010234928355388688,0.12655266596684225,0.018815054631818484,0.22926481883267816,0.018976839252583675,0.22156648451730415,0.01823095834499747,0.4008420492714123,0.01570149891200345,0.2650816471296028,0.025740137543166404
IHWKNN,Ydataset,1:1,0.9534165718278382,0.006360110206169216,0.9603597959629676,0.00545429536212111,0.8959522925744807,0.008463227803253091,0.8916927003000644,0.00916124281441496,0.9880947639218777,0.0018623716648648078,0.9099478997481887,0.007776889514538978
IHWKNN,Ydataset,1:5,0.9540600380540258,0.004959022621168327,0.8869416083641294,0.010077248173098383,0.8138828944244565,0.010561141528533434,0.8039802013516925,0.01130122856502544,0.9514991659343728,0.006031487653013576,0.8352238731924262,0.009769998734148955
IHWKNN,Ydataset,1:10,0.9539729539115707,0.005024400795721114,0.8351512706611721,0.01332257522480849,0.7690655012717301,0.01214967685021115,0.7623135814240445,0.012819447811634752,0.9186671349306103,0.00862795238308961,0.7983817038646893,0.011100576150863047
IHWKNN,Ydataset,1:50,0.9539382376376654,0.0049082192218975786,0.6757887423005593,0.01768262030548217,0.6389238627165368,0.017576583796979274,0.627135505762921,0.017310880903919194,0.8070401045949366,0.0178535815039415,0.6779963066237683,0.015094038193953769
IHWKNN,Ydataset,full_unknown,0.9540343312194931,0.004691885284062433,0.31291643291982396,0.017674063904867757,0.37814391664575375,0.01684445735583849,0.3635221122297316,0.017146564299603918,0.5493225209833451,0.016893875933613953,0.42453050863649455,0.017067436259913814
IHWKNN,LAGCN,1:1,0.8653171401768457,0.0074863642111106365,0.859992828270968,0.00867338308553601,0.7957446470695363,0.006889981534473913,0.7832871834159904,0.0074442042113343305,0.8015317516898047,0.013090123283282145,0.8055080659688301,0.0071859408284223976
IHWKNN,LAGCN,1:5,0.8657431221997738,0.004816343888029429,0.6038195237521579,0.008617834266412844,0.5808924639810622,0.008427738963547716,0.5721110004299461,0.008767738713683072,0.5121715388523711,0.01389642031233832,0.6048164730696662,0.008292949186690239
IHWKNN,LAGCN,1:10,0.8659183293966226,0.004423683188805373,0.46497452933399785,0.008098919337966758,0.4754242309276262,0.010092260542089214,0.46432449201178844,0.009544856397974484,0.3795328354210837,0.012833538846428854,0.49997115030363376,0.008708180476603895
IHWKNN,LAGCN,1:50,0.866126968801957,0.0038890028407169426,0.18812907570766518,0.006831716044886268,0.25347949354590676,0.008249773149780723,0.2470132304293387,0.007807620314695182,0.15626992449380142,0.012224521525281959,0.27826190714644083,0.008237979676713013
IHWKNN,LAGCN,full_unknown,0.8661895206045245,0.00390710523253585,0.1385182736182709,0.005736360902887579,0.20870601672389225,0.008898436711116859,0.20302958725755071,0.00956934465059343,0.1196332317288046,0.01016193578408759,0.2311733443588438,0.009222321819973749
IHWKNN,SCMFDDL,1:1,0.9091541440433811,0.002265116286252831,0.9086862287007251,0.0031924601660794564,0.8387595114398512,0.001949726537815081,0.8336826843238404,0.0025469876847549057,0.9071874827777368,0.003621233140987108,0.8501429868180063,0.0022127894485709254
IHWKNN,SCMFDDL,1:5,0.909365519585745,0.0017536804115153254,0.7223017470537083,0.0061541621463853885,0.667793371725484,0.0036440594455126973,0.6652894718943976,0.004907148321504243,0.7241927754642635,0.006233589009106813,0.6916808813510914,0.005017412396928527
IHWKNN,SCMFDDL,1:10,0.9093325289236383,0.001997044650290633,0.5998843403013038,0.008406419744229648,0.5761204456502542,0.0049775403027322975,0.5720971646577183,0.006344816439163065,0.617125875765719,0.008175552710247311,0.6010085354644055,0.006458609851102418
IHWKNN,SCMFDDL,1:50,0.9096120044099679,0.0019123603844480698,0.3031296756525729,0.006393959908389987,0.3576950524338778,0.007005329775365461,0.3548795521520944,0.0077243904022795485,0.35931177764322975,0.008751579233175811,0.38281686904025325,0.007410951016186214
IHWKNN,SCMFDDL,full_unknown,0.9096097226250384,0.0017159095059393137,0.0396344869396403,0.0014488705685428236,0.1045269924929133,0.003955680096125326,0.10047806186621569,0.004490409178881866,0.08651922863546499,0.004767381471195537,0.10857601893093878,0.003904002911472876
IHWKNN,iDrug,1:1,0.9510017782205262,0.0019381660727020309,0.943775011591476,0.002556221630886551,0.8936774653495239,0.0025710177698226432,0.8899722744687117,0.0028999864349148826,0.895608915634147,0.0063884995863512425,0.8993483463560807,0.0027111890063791747
IHWKNN,iDrug,1:5,0.950524783845345,0.001275143883044963,0.7943838709775004,0.003768360957623059,0.7488101036740924,0.003246192531644791,0.7401620232810208,0.0038141088229333266,0.7025657499167478,0.007838838648180996,0.7567240891300103,0.0036696798549791395
IHWKNN,iDrug,1:10,0.9506546618159343,0.0011604323328500367,0.6802121557241902,0.004366866398213644,0.6570330410770137,0.0038364540611725783,0.6470609663995185,0.004982910287597349,0.5885533880272404,0.008141854985011457,0.6658934954502405,0.004681122450007972
IHWKNN,iDrug,1:50,0.9506111746460704,0.0009865862791899958,0.34689260122919063,0.004213511383932103,0.40200816670437156,0.0031063058999914205,0.387572781551186,0.002829819214194126,0.3209764877331898,0.007490781459880641,0.4057822769419309,0.0030861828430971345
IHWKNN,iDrug,full_unknown,0.950536700294385,0.0009434999497456756,0.06552069556602422,0.0016055374925843292,0.1297099541146414,0.0010307368655838513,0.12062143494344132,0.0026786018711657065,0.0948757582571231,0.004973085749992088,0.12799498401700368,0.003434968359605766
IHWKNN,TLHGBI,1:1,0.9778573266539162,0.009471975968742732,0.9822960011075544,0.007252034404220783,0.9437137709338927,0.014800502316839251,0.936333985649054,0.01831060027350744,0.9992108370098801,0.001666020914498364,0.9521002770452138,0.013928007916114711
IHWKNN,TLHGBI,1:5,0.9787669385790781,0.008553001595476907,0.9500867148776331,0.014506839681895074,0.8918197203323895,0.017399698791723005,0.8754170161215171,0.02043214117843657,0.991869928894722,0.0028329769841275517,0.9057713213593994,0.015513289242532282
IHWKNN,TLHGBI,1:10,0.9790447031897471,0.008429933730477592,0.9277556479364938,0.018042770578765733,0.8717737281076208,0.018899018249350908,0.8487326437424285,0.023830858427487948,0.9854172772486433,0.00908111649113536,0.8852141814861595,0.018293265694958108
IHWKNN,TLHGBI,1:50,0.9793792088147665,0.008268531887374983,0.8522454549504935,0.024792086377480236,0.8109662875831999,0.024729303009121205,0.781641971857236,0.024598191396744334,0.9544279718053833,0.021341850904339186,0.8322824027845392,0.019446349438683393
IHWKNN,TLHGBI,full_unknown,0.97964286527206,0.008114397286688333,0.1802656629778395,0.023217212416149588,0.27844489891105584,0.03201104041652556,0.2573804864411518,0.032167536955931005,0.510022521974933,0.021965445359547763,0.3310241214473266,0.031106077810985337
MDGCN-common-protocol,Cdataset,1:1,0.9097746118768653,0.011782193211529911,0.9297977515315781,0.009628599205368347,0.8520575055406205,0.014468172279182947,0.8384644113161744,0.01520898402383549,0.9864278977117189,0.005066029341656039,0.8720921880691208,0.012421086653074979
MDGCN-common-protocol,Cdataset,1:5,0.9078049674045262,0.008850653683471692,0.8113278605074458,0.014551469569519845,0.7508328733531758,0.016409637874811325,0.7306339671967882,0.021484876190944743,0.936557248639643,0.015002864463933892,0.7827363509561254,0.01763332156134479
MDGCN-common-protocol,Cdataset,1:10,0.9073966249322147,0.010297731750181807,0.7462209598687227,0.02254563344544886,0.7024293551467193,0.023280885246888355,0.6832513771746911,0.023219741566132764,0.899215121890364,0.017284858918478852,0.7423247091163007,0.01963544979195185
MDGCN-common-protocol,Cdataset,1:50,0.9078527951175948,0.008761508954214067,0.5678992074115772,0.028609471380866305,0.5827126337964857,0.02868788365247783,0.5548878030562385,0.024826187639994002,0.7661647178498251,0.022917303251700164,0.6264609185609233,0.022290211979864142
MDGCN-common-protocol,Cdataset,full_unknown,0.9076450927028485,0.00853692753193024,0.19122914488851775,0.03257270826014118,0.3080036760569085,0.028257707837502876,0.2926441754069279,0.027339193260369134,0.4833249943339947,0.04008422564097825,0.33616315444550404,0.03610279634773025
MDGCN-common-protocol,Fdataset,1:1,0.8380815563118942,0.020044975133125986,0.8678815544570376,0.018584184482530654,0.7749050491721131,0.020638042283416036,0.7640751028257038,0.023413460806618148,0.9744064203225304,0.0080043540358662,0.8102415120186113,0.01989629906590142
MDGCN-common-protocol,Fdataset,1:5,0.8393009454109563,0.015297347534208458,0.6813193290724153,0.030013138849409357,0.6348175592608267,0.029534586321104474,0.6166257144383313,0.02658357048708768,0.8984387874051579,0.01477262532909326,0.6845898588095498,0.025039305891548385
MDGCN-common-protocol,Fdataset,1:10,0.8391254999798973,0.014242086450646613,0.5806051781554052,0.03648037998640319,0.5724547906507171,0.03830370513839836,0.5477912504673895,0.03739510782375792,0.8385488203353859,0.022636891945340656,0.6215800757728661,0.03449925162453258
MDGCN-common-protocol,Fdataset,1:50,0.8384822003123462,0.01560163519638521,0.3484716830802148,0.04654394680172553,0.41562321733067487,0.04206152679935117,0.39724640777736225,0.0412296420456511,0.6509536856467066,0.03391210607680558,0.46683716808915154,0.04426761527633194
MDGCN-common-protocol,Fdataset,full_unknown,0.838530798712674,0.014502662319561432,0.06007733932593112,0.010389942015433272,0.15161826728179467,0.023015121281476335,0.14068425831953416,0.02404510038570972,0.31074168725231743,0.0284103507680963,0.16564092569015543,0.02291484873243212
MDGCN-common-protocol,LRSSL,1:1,0.8613656029341821,0.017789457215418445,0.892714018529149,0.013816227032747432,0.7983006866251329,0.019984056199851757,0.7807275259830708,0.015796012055420427,0.9776322859138526,0.004449128175760708,0.8229322180067964,0.01334672272177588
MDGCN-common-protocol,LRSSL,1:5,0.8608329695408946,0.01614442538574044,0.7346792486345766,0.02308074788509598,0.7040147987260889,0.02451799629614544,0.6764973749062466,0.028692806636421826,0.9028983616865526,0.013155179679200811,0.7313901548428962,0.023707006122958844
MDGCN-common-protocol,LRSSL,1:10,0.8605071643682365,0.0158990545303489,0.6484544723122768,0.026323322020912063,0.6460454236231329,0.023264470247488397,0.6296271295403407,0.026938713681991727,0.8389122687019093,0.02100116462926402,0.6864053821704091,0.022841316443149424
MDGCN-common-protocol,LRSSL,1:50,0.8608852724264422,0.015875886358901702,0.41111439840600655,0.02020386764718494,0.4768938818217528,0.019784473895296303,0.4686928104575164,0.02039855656677033,0.6657030667597887,0.026775436738060845,0.5253630379044609,0.017419651572001194
MDGCN-common-protocol,LRSSL,full_unknown,0.8613158893548871,0.015388539837744962,0.05111354589312615,0.011577305611867194,0.116626788801242,0.013492018998616656,0.10619950712525442,0.0182619243804261,0.30171265122434654,0.012916955540040645,0.13273920578687456,0.026616003685533206
MDGCN-common-protocol,Ydataset,1:1,0.9367699901850262,0.01021118396561997,0.9443222823473659,0.008382736242271864,0.8727395762617443,0.011607261826083069,0.8694370285201491,0.012643170267176238,0.9826709929043345,0.005274233391400079,0.8900943608997937,0.01077314665165444
MDGCN-common-protocol,Ydataset,1:5,0.936767714192618,0.0093121288787546,0.8295547361714742,0.02011478236551571,0.7635408319209411,0.017048259328292938,0.7584069940267535,0.019302125083216642,0.9306395448562444,0.009986621030917412,0.7910651650123113,0.019512645595038645
MDGCN-common-protocol,Ydataset,1:10,0.9369193739717533,0.008994449206359514,0.7529243007233487,0.026497211627155935,0.7013502506273172,0.01983713461133281,0.6957883002888472,0.019906041469574566,0.8861283478990547,0.011407916239082976,0.7342101653709627,0.02086677372086392
MDGCN-common-protocol,Ydataset,1:50,0.9372024505128419,0.0084180483333862,0.5085259749307436,0.03186067221380299,0.5327215331479834,0.014530979367009944,0.5271083036540565,0.014123881232026438,0.7268858663931733,0.01903651394605652,0.5701547937721164,0.017947105423612872
MDGCN-common-protocol,Ydataset,full_unknown,0.9372841460995541,0.008004265658189883,0.0827144855721251,0.013493041157426873,0.1698919166602965,0.019920277516939547,0.16122297316245543,0.020661824312753367,0.3245263698108611,0.011991132849640533,0.180335897927141,0.024388360923002388
MDGCN-common-protocol,LAGCN,1:1,0.8650775791308043,0.008083750244101686,0.8609378447592813,0.008390281604101478,0.7951895925855347,0.007378305305136719,0.7839936457609016,0.009933959459518873,0.7910706829364554,0.015488867672958661,0.8063527969508864,0.009142871359462785
MDGCN-common-protocol,LAGCN,1:5,0.8659249601181533,0.005564344320986891,0.6054881648484515,0.010051885810278728,0.5814786599414418,0.009563761553658217,0.5722743386996988,0.0090645255231783,0.5016736468554064,0.01273383031461735,0.6052210192187437,0.008302524999016809
MDGCN-common-protocol,LAGCN,1:10,0.8655467928426877,0.004904793618985283,0.4645524322054372,0.009141323971614247,0.4731593553400232,0.007980422899569585,0.4620443912073938,0.009805982564026428,0.3771246712825588,0.015504928205819347,0.49802325886401383,0.008890914126802181
MDGCN-common-protocol,LAGCN,1:50,0.8654004746184955,0.004592926417364916,0.18770259621983365,0.0067625134865316365,0.2538164891247108,0.006571315515552615,0.24652525034487108,0.007368864186437506,0.16311507795849803,0.011747687523130736,0.2770861901892042,0.0074609768610069726
MDGCN-common-protocol,LAGCN,full_unknown,0.8656065004979883,0.00453275025637073,0.13818204059000477,0.005962539498282459,0.20880752964568927,0.006619876237921549,0.20188981699862169,0.009055481685426447,0.12476627724205532,0.011051368172689164,0.2294487710427346,0.009086810135377467
MDGCN-common-protocol,SCMFDDL,1:1,0.9365767209469386,0.002188644154401475,0.9350048214722205,0.0029883785523453165,0.8697607409654559,0.0031626849769704588,0.8664902597835633,0.003608795724999029,0.9136628429638417,0.0049771807555670415,0.8803911841881265,0.0032960921390897593
MDGCN-common-protocol,SCMFDDL,1:5,0.9362528899974633,0.0016126165815099176,0.7853136472225568,0.005612146880456564,0.7236535238409932,0.004679012955970992,0.720321477302955,0.005223748214562034,0.7404055839675359,0.006455680317242373,0.7439688639083618,0.0047633430670258456
MDGCN-common-protocol,SCMFDDL,1:10,0.9362815500318407,0.001670740928561955,0.6779388027707638,0.0069976231093376185,0.6390661272113438,0.005983697975767834,0.6362672363181218,0.005776962446420548,0.6289155309321779,0.008595434955421827,0.6631806265317414,0.005427935229734617
MDGCN-common-protocol,SCMFDDL,1:50,0.9365383157592474,0.001618584194467516,0.379607016208973,0.007658541223143147,0.41899071367721435,0.005991968178707909,0.41387996064364885,0.006307736798843725,0.35124512753217474,0.010559329193532528,0.4423003528671747,0.006065654058333031
MDGCN-common-protocol,SCMFDDL,full_unknown,0.9365219133832431,0.0014512197423547225,0.05732101658059631,0.0023505074144679443,0.12681542331595674,0.003979841166131263,0.12239732849340008,0.004738739701297668,0.07092659965145688,0.005455791904003593,0.13357715369024264,0.004998506553745985
MDGCN-common-protocol,iDrug,1:1,0.9685155059825072,0.0009184016430440532,0.9626419046309602,0.001124302710227528,0.9180666142313825,0.001629495539438559,0.9129089125243308,0.002031885767520039,0.91898218204654,0.004178125797207609,0.9208740447725363,0.00184147600148958
MDGCN-common-protocol,iDrug,1:5,0.9685987571268504,0.0005393742732454066,0.8544901291904878,0.0031548611529303512,0.7933441452302423,0.0018897989577458178,0.7844565593758008,0.002918752934523372,0.7740732359526425,0.00785395406840957,0.8006938165049903,0.0028236595001478143
MDGCN-common-protocol,iDrug,1:10,0.9686929529138268,0.00039784433151302635,0.763912762345278,0.004296378746517458,0.709913937801897,0.0028719039916701985,0.7002628445504596,0.003853111133238023,0.6833291924968591,0.007206409766077008,0.7204105507839832,0.003735390251994705
MDGCN-common-protocol,iDrug,1:50,0.9687126873890566,0.000288627738878665,0.4641609790144033,0.006059813289232401,0.4693571925747638,0.0037609357826201696,0.4624016530434233,0.004575992769280946,0.4370527802286081,0.005998769989206485,0.48797396760426476,0.004685730928166686
MDGCN-common-protocol,iDrug,full_unknown,0.968638243679869,0.0002674615128758742,0.12208602373127724,0.003395384265932188,0.19530522023166846,0.0037597026090144584,0.1931719191164158,0.004267630772643008,0.16160593601029632,0.005331941869258829,0.20931857192519435,0.004475179836219138
MDGCN-common-protocol,TLHGBI,1:1,0.9692704449551849,0.009534772097447056,0.9784843267192675,0.007074948620479051,0.9479987769235297,0.01070758341458597,0.9390690522784457,0.014283232401191613,0.9996,0.0012649110640673485,0.954135040871296,0.010863826867685458
MDGCN-common-protocol,TLHGBI,1:5,0.9695341634521336,0.008998617792676739,0.9437329639687724,0.013506124451722116,0.9022745638376316,0.016156920943194486,0.8918507128878949,0.017651316222160207,0.9956372975860841,0.002960784542598101,0.9174440151373238,0.013555847015739043
MDGCN-common-protocol,TLHGBI,1:10,0.9692656566215498,0.009478820936455214,0.9185394668986732,0.018295444398186603,0.8652350477280327,0.022540868553634116,0.8569518218246202,0.022898405960032623,0.9888157051780692,0.00563995077197551,0.890034260277905,0.017556569622334088
MDGCN-common-protocol,TLHGBI,1:50,0.9690228168258429,0.009290684356310688,0.8223969249988923,0.022456030286111664,0.7728637260341539,0.022666985190110137,0.7399077439194855,0.031265432073760945,0.9591965742229591,0.011909263358333122,0.7969813664257869,0.023614916803941483
MDGCN-common-protocol,TLHGBI,full_unknown,0.9690889442348937,0.009416582505012093,0.050438798519811166,0.011386660676718735,0.1312827592918649,0.018321044219882485,0.11704407790513463,0.018397798870212156,0.43346959028269305,0.01794771256010952,0.13520955663864503,0.026720479574663437
MCDR-adapted-no-DDI,Cdataset,1:1,0.856230581706504,0.011535656242246993,0.8384084538480439,0.0157376178594943,0.8016131290482906,0.016896573199678723,0.7867308829479318,0.02022340663309159,0.9743500339430315,0.007142686770764735,0.8101759702575139,0.018761211469746165
MCDR-adapted-no-DDI,Cdataset,1:5,0.8563925996761835,0.007069543149972626,0.5348210824791569,0.016101970085486077,0.5913453367975509,0.0198532720980696,0.562794497525754,0.024530447127183306,0.8800917063425157,0.015890173490502642,0.5808509548069332,0.02380572438970332
MCDR-adapted-no-DDI,Cdataset,1:10,0.8580447565454646,0.008691082929514806,0.381059929424168,0.020211702011275003,0.47977985508605075,0.025387179431126134,0.44154710404282466,0.022993532521977802,0.8081211336854526,0.015903590398056774,0.44897249822610813,0.018322177880478508
MCDR-adapted-no-DDI,Cdataset,1:50,0.8584251479653267,0.007674679016923117,0.11771256052519694,0.009643326150092826,0.21976216055033979,0.016715519334962594,0.16153403255423107,0.02129305858919983,0.5510114319383114,0.021656314855072786,0.160168288931631,0.022812817506016995
MCDR-adapted-no-DDI,Cdataset,full_unknown,0.8576374919306786,0.00731396267335374,0.00631503178520366,0.0005796675616471786,0.019456439717974748,0.002694135245508461,0.0082910584793501,0.005409503795111382,0.1102732145045177,0.024565478849569795,0.00715145116310264,0.00470807647800921
MCDR-adapted-no-DDI,Fdataset,1:1,0.8208853485210696,0.01799550919239932,0.7948426270262112,0.028546206172168204,0.7791230850745527,0.01332412793159515,0.7516852732225843,0.019600504719458962,0.9723644609233155,0.011258078503221894,0.7753452260223885,0.020077499346696868
MCDR-adapted-no-DDI,Fdataset,1:5,0.8227047199881034,0.011984708093657868,0.4661652197869815,0.030058768739700006,0.5379647560357586,0.026318210055475785,0.49561455050478076,0.032497970639367324,0.8731609774992484,0.011959725078969051,0.5130048671738657,0.035964555729296174
MCDR-adapted-no-DDI,Fdataset,1:10,0.8225164024144535,0.014659598228281813,0.31391793267116685,0.029866498846931103,0.41650690249744493,0.030326659823945723,0.3605630041130281,0.027976251600704074,0.7914785265050868,0.016445671038372387,0.3701408206134656,0.039665343016333676
MCDR-adapted-no-DDI,Fdataset,1:50,0.8225416021221559,0.013228518751163694,0.0874465388113783,0.011719338757664016,0.17484289076747814,0.01970747061769665,0.1251535708562576,0.037142855081783395,0.5144230300948828,0.025729047952054853,0.12458519207475136,0.039490286383832535
MCDR-adapted-no-DDI,Fdataset,full_unknown,0.8224017950495781,0.012236215310199328,0.00504491059996958,0.000655066548876861,0.01610387692441492,0.003645936498767555,0.00413706532770682,0.0040773485109654424,0.10077184739730564,0.029913341433129546,0.0041554710852891195,0.0039546529507867335
MCDR-adapted-no-DDI,LRSSL,1:1,0.8257620977910897,0.022332504937695383,0.8177776801201599,0.023321072630177887,0.7677020415117177,0.021548910502450464,0.7508828886745955,0.02691697035016147,0.9622091452314999,0.007304305093996514,0.7809507461986184,0.024875515451218872
MCDR-adapted-no-DDI,LRSSL,1:5,0.821307739891615,0.012367382991297303,0.5018717604724008,0.03150085987679687,0.5399512275348861,0.02500944071236332,0.5230976106289511,0.019982120853087825,0.8508592720857792,0.01546164088243659,0.552043388135576,0.026676950018415364
MCDR-adapted-no-DDI,LRSSL,1:10,0.8198805330749002,0.011279305307677767,0.34471033367566944,0.03731467218301546,0.42371768501320484,0.017620187781350587,0.3978892103289403,0.02312030300275859,0.7556331567075822,0.01466578103015742,0.419348182584817,0.03869957785594457
MCDR-adapted-no-DDI,LRSSL,1:50,0.8196883425786812,0.01026830092223288,0.10983182955681763,0.0368869550086359,0.19776815507057996,0.027352776233980372,0.16354976963462978,0.044148854739460154,0.47043670651121783,0.029085576143872055,0.17425052372847077,0.05938749543799859
MCDR-adapted-no-DDI,LRSSL,full_unknown,0.8198382964947472,0.0092731081100222,0.00484368397245205,0.0044942815745672385,0.01889536888213249,0.018159713753231076,0.01048858887817417,0.018598640077466075,0.062270690257347286,0.021058874245481137,0.011448736223976571,0.0227430735531548
MCDR-adapted-no-DDI,Ydataset,1:1,0.9173010874408559,0.009359134957240733,0.9070336536657096,0.015836025239687822,0.8563879118116333,0.010237115242922255,0.85156342017443,0.010720686684300672,0.9769334911725075,0.0036951358611435055,0.8676548889922937,0.012087505845393505
MCDR-adapted-no-DDI,Ydataset,1:5,0.9147547507756315,0.005899402290346382,0.6875374428568153,0.027711234070310894,0.6813058414723139,0.016825820650558033,0.6647780364003477,0.01739165690340444,0.8978597174514331,0.007146866360289131,0.683490451777893,0.02038607555839696
MCDR-adapted-no-DDI,Ydataset,1:10,0.9150485700736569,0.0054399012326571145,0.5451192612371321,0.034465754659414725,0.5759284203709382,0.01942655307282977,0.5610847191452368,0.021887392721811644,0.8312771472252981,0.009159123105214639,0.5756719635170404,0.025342911616188
MCDR-adapted-no-DDI,Ydataset,1:50,0.9150156734199208,0.005246179072175985,0.2169022632857407,0.026226727260406844,0.3197560853012541,0.020122791981105472,0.29190583022518857,0.030330821757347904,0.5870388968527995,0.024623067105042147,0.2919685917376687,0.03443626701348368
MCDR-adapted-no-DDI,Ydataset,full_unknown,0.9153135524964394,0.005048200539515189,0.01305992373023102,0.002489070894031986,0.04145251011403919,0.009388787285167326,0.01870271179786302,0.010919960190560032,0.14738517739437682,0.03649517018680826,0.01725162892734055,0.009859238915113812
MCDR-adapted-no-DDI,LAGCN,1:1,0.8479965520459574,0.007875463436336067,0.8441794418777349,0.008105353857100497,0.7804244628780759,0.008984255410754788,0.7688977571435058,0.008552382516088867,0.7701640408973136,0.010313304782087501,0.7918794183038791,0.007777810503191869
MCDR-adapted-no-DDI,LAGCN,1:5,0.848680105594197,0.005191642481678534,0.5728055804860495,0.012398841628470483,0.5538490227835551,0.009344649834519795,0.5423549491879089,0.011128609778090853,0.4669718119536622,0.012354466989858977,0.5762775844495446,0.010997505661328634
MCDR-adapted-no-DDI,LAGCN,1:10,0.8486410278403888,0.004183255506341226,0.43097746521557073,0.008995209403359348,0.44675817746627605,0.0071699551173371855,0.43809780361779965,0.007661144485827971,0.34507609344359663,0.009979632291301568,0.47330054632563917,0.007824260546506012
MCDR-adapted-no-DDI,LAGCN,1:50,0.8484714565678948,0.0036787659359979775,0.1648715903073132,0.008446817622515408,0.2359182813264721,0.00949004912577805,0.23028929658089564,0.011516234457328606,0.14473679908794196,0.011617737188197875,0.257309161538838,0.012628636670703887
MCDR-adapted-no-DDI,LAGCN,full_unknown,0.8486797995041458,0.0036198687436182174,0.12087636213957129,0.007335272529651281,0.19371573777664367,0.01066485920264917,0.1888574047173767,0.011017764692927989,0.11232948710739679,0.011132864734368088,0.21322102203524285,0.01200872517545831
MCDR-adapted-no-DDI,SCMFDDL,1:1,0.9316457159008266,0.0030834822259843114,0.9288424103470687,0.0037811030040448075,0.8621438554523644,0.0036524941101630055,0.8575354058460103,0.002967344731189943,0.9038588157973712,0.005579055209843869,0.8721074503606993,0.002787603846156196
MCDR-adapted-no-DDI,SCMFDDL,1:5,0.9312373797412439,0.0025631427342339393,0.76612323100533,0.006966082632194711,0.7059943530817354,0.0066596791107356446,0.7021472233053752,0.007181168681934805,0.7108513082777265,0.01051469394463373,0.7267121041236739,0.0067025070817000685
MCDR-adapted-no-DDI,SCMFDDL,1:10,0.9312545379036179,0.002596566432877415,0.6531824568023047,0.009454746467244535,0.6182263322777932,0.007952259020937148,0.6161190469148947,0.00877317359853727,0.5920391078123776,0.01243713970971185,0.6437239235511265,0.008371659970092846
MCDR-adapted-no-DDI,SCMFDDL,1:50,0.9313615867395237,0.0024945288043002377,0.35110789422654387,0.009556772478540044,0.3955627663610769,0.007952901448518398,0.39065825957745354,0.0074962455259602965,0.31561406176555024,0.013691924496175036,0.4193084295130978,0.007634521802889778
MCDR-adapted-no-DDI,SCMFDDL,full_unknown,0.9314195630079005,0.0023174914995805792,0.051050402092508995,0.0024045854252756874,0.11711922746315755,0.004665671904875164,0.11234345747881262,0.00564029680170053,0.06251401597303513,0.0034703317816905856,0.12444693321497839,0.00591397550954545
MCDR-adapted-no-DDI,iDrug,1:1,0.9630228479990697,0.0011963073101413674,0.9585147815481887,0.0011312676461147516,0.9042824232327702,0.0028234861371001846,0.8996331237605707,0.0034118665283938304,0.879601427018722,0.003712458437322943,0.9091461411619676,0.0030231203284143806
MCDR-adapted-no-DDI,iDrug,1:5,0.9629436481373773,0.0007425522009058903,0.8453818668148718,0.0037074517337185023,0.771199334069409,0.002832463580546187,0.7666867183120842,0.002847520343434131,0.686476739313116,0.008039135808731748,0.7854504683012152,0.0027708679585432385
MCDR-adapted-no-DDI,iDrug,1:10,0.9629867111152978,0.0006672114465478929,0.7559903322525641,0.00465418833422922,0.6907066032237601,0.004044385609418553,0.686583402374008,0.004301299919104009,0.5816060505457642,0.010992945978229385,0.7095168840323522,0.004075237873295455
MCDR-adapted-no-DDI,iDrug,1:50,0.9629823192209462,0.0006105707223941108,0.47527747363501716,0.0071443830849405145,0.47160325891740146,0.005944344738969077,0.4700621226075487,0.005894174909369898,0.3459598682407817,0.007173108110111809,0.49913317535012514,0.006148108194031556
MCDR-adapted-no-DDI,iDrug,full_unknown,0.9629082432822831,0.0006365728665745535,0.1527714238235232,0.007053764644738778,0.21883505251568502,0.007651841840166826,0.2176961740765389,0.0076165894763858205,0.13920732232181704,0.0051480538876421756,0.2424874039792026,0.008342212237525392
MCDR-adapted-no-DDI,TLHGBI,1:1,0.9695902174733965,0.007882506221238006,0.970288583066788,0.010049506177875086,0.951718352982698,0.00932161029877583,0.9452380952380952,0.009712533490779619,0.9974637934769014,0.003658807746118809,0.9561231879472156,0.007918531757362946
MCDR-adapted-no-DDI,TLHGBI,1:5,0.9694994938793503,0.008710956374953371,0.8954954098456291,0.022922439865866683,0.8815033392487871,0.012384307184727474,0.8665222253284875,0.016913608343068074,0.9911597356737614,0.005948046334299218,0.8859102767731434,0.014945064353945138
MCDR-adapted-no-DDI,TLHGBI,1:10,0.9696876377417439,0.008707108429484363,0.8327841268476158,0.02772128349833432,0.824673441145392,0.01825758098438319,0.8069704594166434,0.02287739431396716,0.9827686447862,0.008236739607390754,0.8303305935138894,0.02187068846461546
MCDR-adapted-no-DDI,TLHGBI,1:50,0.9696573231299508,0.0090154078515339,0.5418228780234753,0.034416036766624476,0.605114176970551,0.028522825687467793,0.5687354393812319,0.04461674028456305,0.9377579587237925,0.014153968094721602,0.5885351617381772,0.036698555560922615
MCDR-adapted-no-DDI,TLHGBI,full_unknown,0.9700338074841557,0.008729969579498816,0.00156145520874906,0.0003937960509073498,0.00654459104359383,0.004928463830475059,0.00273972602739724,0.0035369710924268386,0.04969110409064848,0.0297779143283275,0.00216621980761572,0.002803707583405045
AdaDR-adapted,Cdataset,1:1,0.8248754793389853,0.025673174366141735,0.8216940084118047,0.02612000120878779,0.7664094418966794,0.021570104462460635,0.7499891070928386,0.023528559167682584,0.9700737198522205,0.006441062362876338,0.7827092895746359,0.02011454037489611
AdaDR-adapted,Cdataset,1:5,0.8254623080087761,0.021866034087990125,0.5364743716737346,0.03789295286621362,0.5523411028267888,0.031440694967230016,0.5319753509072236,0.03999779456478121,0.8702886639159864,0.018665461409902755,0.5711577362222063,0.04001640959009999
AdaDR-adapted,Cdataset,1:10,0.8263741287627242,0.020600734187746682,0.3902626274568599,0.02997330048522259,0.44592091650098586,0.03704947388218015,0.4253493510939591,0.03418991215495834,0.7845547357040423,0.023570905425297148,0.4604040955556724,0.03171252254680123
AdaDR-adapted,Cdataset,1:50,0.8251414963315795,0.018544327384443008,0.13537395504615923,0.017141550443557745,0.2251635622126781,0.02297125942917193,0.20101304036600162,0.024595035333987946,0.5005685238208101,0.028185216909615247,0.22116564599982472,0.03222831260628729
AdaDR-adapted,Cdataset,full_unknown,0.824528868449239,0.01780559974535146,0.009116829758349921,0.0030923904713328447,0.03911244232926405,0.008201351673146904,0.02763997385702277,0.013024069897677008,0.13570256944737275,0.024535342657579378,0.030062208822969932,0.018497292764137304
AdaDR-adapted,Fdataset,1:1,0.7926275923395245,0.018859957150630904,0.7908043062406122,0.023098826645298803,0.747680089272928,0.013142817416464416,0.7268521980663426,0.017844435598441587,0.9668890782566418,0.0077759562955979295,0.7630521028907989,0.018603935598487813
AdaDR-adapted,Fdataset,1:5,0.7932284388326784,0.01623109146442613,0.47632420059750846,0.03649719696524583,0.49988001890563166,0.02077014959814131,0.47023129106351147,0.0343606980752194,0.8676385780470792,0.013638770219221046,0.5195739836655606,0.03525764217741781
AdaDR-adapted,Fdataset,1:10,0.7944665314463144,0.013399976884262744,0.3321891712402572,0.034680235902926196,0.38966360406620704,0.02923327245596948,0.3647160942257358,0.029761716101811605,0.7811109906093956,0.016380140818515982,0.40385161948871107,0.03882818995847554
AdaDR-adapted,Fdataset,1:50,0.794007730258931,0.013970708563142172,0.10835097292576734,0.02189386525483204,0.18291164593526754,0.028609978141120495,0.16192244004059606,0.02792154416594857,0.5051008795891944,0.03540933043261368,0.1858319489271693,0.041311964374789734
AdaDR-adapted,Fdataset,full_unknown,0.7939054750696161,0.013508084303473306,0.008071591324225271,0.0038548032841309032,0.03517872081155906,0.01068420255161984,0.01914961807595745,0.012219312878346126,0.13201330512531673,0.02970695982214829,0.02352483993190673,0.017826710205505792
AdaDR-adapted,LRSSL,1:1,0.8319374684697664,0.01849464810051858,0.8483087373637834,0.015884123912789157,0.7681596116706544,0.017866085045460615,0.7590999678559949,0.01887467954320838,0.9722675936714177,0.008225720803692655,0.7980947626569017,0.01609788792408159
AdaDR-adapted,LRSSL,1:5,0.8305197093058692,0.013833700965058976,0.600026650302383,0.029717919382906723,0.5719341595459596,0.026054668690050443,0.5608014571948998,0.02651033635489852,0.8769864971925513,0.01574761400262232,0.6175230472341033,0.02408589155443966
AdaDR-adapted,LRSSL,1:10,0.8304674651109423,0.014224346916933528,0.4697784203644629,0.025949432951338957,0.48702248401677056,0.027017225148018405,0.4778763527268831,0.028616647571247305,0.7951960980094513,0.021743619610097412,0.5338667416111466,0.026993973216039947
AdaDR-adapted,LRSSL,1:50,0.8315126756099763,0.013482388572464789,0.2130813870839618,0.023067993304478514,0.29018527178980674,0.021986659982252688,0.2769570341797921,0.0252013410061342,0.5468886890173332,0.02500642586823004,0.3283276677472652,0.025380377708267954
AdaDR-adapted,LRSSL,full_unknown,0.8314701769464948,0.013891293451115944,0.01596542943828621,0.006882794925106128,0.06028330269068104,0.01648993385458823,0.04883317261330759,0.011696461017752804,0.11888029400955187,0.023899295430871444,0.062417427089230995,0.022452888622834583
AdaDR-adapted,Ydataset,1:1,0.8716016852173201,0.010438961394360673,0.8700638267637453,0.010947497624225503,0.8047437450306306,0.009269300871913095,0.7956901483496452,0.011149631805891735,0.9661212262665654,0.003927578049645271,0.8209116585749623,0.010141234006239378
AdaDR-adapted,Ydataset,1:5,0.8714729602496792,0.010690959621383852,0.6230528061306744,0.023675599786801903,0.6098699284035507,0.017457803492126733,0.5969470540396534,0.01726561127307282,0.860925932148251,0.008225859642584831,0.6313035962099244,0.018209578582754984
AdaDR-adapted,Ydataset,1:10,0.8710502732012294,0.010157418439833612,0.482059419002276,0.028320479809704563,0.5059715723929546,0.0170602675597189,0.49100619759387526,0.022641546587031214,0.7693239379969209,0.008744399663127749,0.527210643189304,0.023357979995215685
AdaDR-adapted,Ydataset,1:50,0.8721039233875173,0.009260980496871673,0.19911906058260737,0.019909748369619215,0.2754630089903639,0.015782170330579187,0.26290557783448776,0.019001659234380356,0.4969473809130337,0.011604331886513105,0.2941380789084369,0.021844796910294402
AdaDR-adapted,Ydataset,full_unknown,0.8727032195959181,0.008767956785225791,0.014720825201202251,0.0024684862278073426,0.05013965167423471,0.007753757728990647,0.04332468661487978,0.007133127670342149,0.10332453269436892,0.006834067406977655,0.05196996072052314,0.009038498744847079
AdaDR-adapted,LAGCN,1:1,0.7772214240611788,0.006681061041427296,0.7715241612526835,0.008065267578051517,0.7318805418884577,0.0045680120917524075,0.7079180577991591,0.007436325671599603,0.6967767673017822,0.012157382310999665,0.7313532104803164,0.007439715199034487
AdaDR-adapted,LAGCN,1:5,0.7774640406018364,0.004619937327139896,0.4358296148684596,0.010491921600041565,0.4636758540122076,0.008417222702093498,0.44531744950491303,0.012209515469313485,0.3613416610793683,0.010313207175694436,0.4723498192299497,0.011751037701269456
AdaDR-adapted,LAGCN,1:10,0.7778242871865808,0.004157399660587026,0.2949398848732622,0.009914189984556964,0.35226973387222055,0.009833999913780297,0.33644507629038406,0.009943994767762481,0.24348864279695412,0.00747615599562756,0.36097365962958283,0.010246156962872024
AdaDR-adapted,LAGCN,1:50,0.7779740660069588,0.0035460617803240156,0.08672510692216415,0.00442245105795054,0.15683527892290716,0.006445669132930869,0.1448729358601666,0.007006970720452612,0.0817055720968904,0.008054600896936699,0.15698204341927816,0.00841751129717444
AdaDR-adapted,LAGCN,full_unknown,0.7781100092507243,0.0036392811982961432,0.059124043178010025,0.003325315820476665,0.12252828007896677,0.005293364873746623,0.11017527532185507,0.007135074843150191,0.059124180878976605,0.007076555591481869,0.11967875835442317,0.007587481954867679
AdaDR-adapted,SCMFDDL,1:1,0.8952936185706533,0.002238805149416693,0.8921524945536957,0.0025434532332586773,0.8233565823984856,0.0037598626862589907,0.8179503706371201,0.0031598334924483693,0.8785658207044065,0.006847790957493485,0.8348272025231378,0.002579781005462511
AdaDR-adapted,SCMFDDL,1:5,0.8941643842475582,0.0020920589984657536,0.6716004167476435,0.006038288439073166,0.6359971651522892,0.0050467299606359,0.6296121956309214,0.004695326195266659,0.6488638469739474,0.004278940702971205,0.6550931057958083,0.004483567381630212
AdaDR-adapted,SCMFDDL,1:10,0.8942954217403377,0.0020868935024964353,0.536975024424715,0.006720442761070678,0.537486520084686,0.0049871745502116606,0.532024035474066,0.005375307070945962,0.522607997314388,0.005455860126385425,0.5584944812621918,0.005464377980884663
AdaDR-adapted,SCMFDDL,1:50,0.8943334874934417,0.0018829770246984053,0.23407006488439192,0.006483816399846915,0.3090562583580577,0.005843579401573318,0.30263555337848025,0.006501684450096313,0.2471339367867928,0.0051176110375786826,0.32305603737948235,0.0077209902395538365
AdaDR-adapted,SCMFDDL,full_unknown,0.8943471424278406,0.0018045956974995527,0.024647180895281628,0.0010872578542081195,0.07021562668334784,0.0033048816869311105,0.06280652088712334,0.0027733613219321066,0.03792887472106105,0.0037972870566254,0.0685992570822764,0.0030964965940164773
AdaDR-adapted,iDrug,1:1,0.9331890848424937,0.0020468993805527846,0.9299481562144487,0.0019283144143077166,0.8656307078361705,0.002379689773580662,0.8631874334354084,0.0025036042591673724,0.857575053350281,0.00482358882675206,0.8753274313090639,0.0022798346912524486
AdaDR-adapted,iDrug,1:5,0.9331958684876692,0.0016162150475035253,0.7677037503829166,0.0037354350191825935,0.7192545753328428,0.003019222933787573,0.7167589201661946,0.0031175508344174897,0.6517813867177551,0.006241981585274293,0.7355962152472488,0.0029047451961924744
AdaDR-adapted,iDrug,1:10,0.9332956080085161,0.0015909953344930383,0.6538861817728605,0.0049572971370178374,0.6328032270964158,0.0025455757812531386,0.6272010739932267,0.003533012428950378,0.5452566084786495,0.007918840857432568,0.6483467923576329,0.0034038964989862343
AdaDR-adapted,iDrug,1:50,0.9332476783090418,0.0015242688616419395,0.33642973665771014,0.005441145302703986,0.39307851162843915,0.004222427563091834,0.3853571374894709,0.003554998757078403,0.3046258867514514,0.00971033290283206,0.40561347452175334,0.0038889956463289974
AdaDR-adapted,iDrug,full_unknown,0.9331545715742939,0.0015091380500895511,0.06659983010478722,0.0025917948905138342,0.13462615330065827,0.002319186595563525,0.12751052120020995,0.0020745285655900583,0.08810868464342901,0.008778627074302096,0.1367810168546125,0.003060021456330674
AdaDR-adapted,TLHGBI,1:1,0.9638928342453308,0.01563461688852359,0.9653865400746955,0.01374831940407902,0.9241210495065875,0.024641124787935613,0.9185350852669835,0.02595705423013491,0.9970770166173972,0.004278595526235407,0.936255399281684,0.01987457636921674
AdaDR-adapted,TLHGBI,1:5,0.9636508070675672,0.013179055016830992,0.8856542394663502,0.024420598962183807,0.8464742581072517,0.030325738851797603,0.8357049669182741,0.03487307857160171,0.9900496619456641,0.006771940180967607,0.8667021597836959,0.026535313484975002
AdaDR-adapted,TLHGBI,1:10,0.9633602987471747,0.014067435425758614,0.8087029402581509,0.04396576245538664,0.7905412638390864,0.04157994097922123,0.7775417016121517,0.04142264051906939,0.9805723606893443,0.009961902319926864,0.8111491743269568,0.03683352358107631
AdaDR-adapted,TLHGBI,1:50,0.9633390054611132,0.014155252293350755,0.5412179353668962,0.07496312584010259,0.579297178366935,0.050676069071564196,0.5393206597707576,0.057677628162685284,0.9369265196588179,0.02363720463747583,0.5879070171894759,0.06023428568319183
AdaDR-adapted,TLHGBI,full_unknown,0.9633899443665443,0.014185736426993925,0.0021667055929086797,0.0007976815999006306,0.01620757764109384,0.007041894603382074,0.00684465567048734,0.006457612984850405,0.1079565234534114,0.025924224610475752,0.00696546543469382,0.006281576003041372
SCMFDD,Cdataset,1:1,0.7532164436901481,0.025983504734586303,0.7598867084951394,0.03007630864107101,0.7197985793191,0.020155530536582474,0.6939093087672341,0.017308581066046894,0.9626630663790365,0.008020334593675437,0.7290050187195511,0.021161798006646543
SCMFDD,Cdataset,1:5,0.7531097641946569,0.016446189493247772,0.4338683081075348,0.0269301382968436,0.4710759204800561,0.024120254728392004,0.45180977871837164,0.030141723492111496,0.8397418652644827,0.014439359240954163,0.4903992536755123,0.03436822355909164
SCMFDD,Cdataset,1:10,0.7544838182601579,0.013855050088521106,0.28835710355212096,0.023215614284513103,0.3714782184386272,0.02418449072452083,0.3530702436898944,0.026458250767477643,0.7441029319399373,0.01877443409421637,0.3789022701745662,0.03328575584518237
SCMFDD,Cdataset,1:50,0.7536780596147548,0.011214361390816283,0.08243002217694084,0.009194056076335116,0.16080068929268976,0.012010631748003469,0.14099000964800346,0.01229161594858224,0.4475292274471845,0.030730723771100643,0.15339033525766757,0.02080179135214476
SCMFDD,Cdataset,full_unknown,0.7533595668566582,0.011410529284144783,0.00507494019856237,0.0013126504943662262,0.02099404335599173,0.004944287390843019,0.0134200616227319,0.007698158406887789,0.08519480152173234,0.012268854856366607,0.017612233825433428,0.009980670451364665
SCMFDD,Fdataset,1:1,0.7689674615831794,0.014688143590684766,0.765463743396456,0.014936136020435456,0.7430078789125718,0.010586342119072154,0.7123738048181186,0.02151829076379024,0.9658923664345748,0.01157199335409007,0.7446900784547106,0.013250974189064773
SCMFDD,Fdataset,1:5,0.7711226499061314,0.015075249886821549,0.4447659828860321,0.03625013161470198,0.4800197186551105,0.02793869347384076,0.4361225361893061,0.035363539784085934,0.8475754584958111,0.0213419114091678,0.48200805517869644,0.03555851877858822
SCMFDD,Fdataset,1:10,0.7700635658650149,0.0115444131385913,0.3063304673226849,0.029527980730519793,0.35792151881607703,0.02305672446294886,0.3290288980289514,0.03324394539193831,0.7484400850463437,0.02281335605086974,0.37426457136726105,0.039226103972833645
SCMFDD,Fdataset,1:50,0.7702510979294576,0.01275493778904556,0.09319462833948536,0.01594917020880205,0.17621144302130992,0.024480062859339315,0.15983654719299176,0.026321462382735788,0.4511349482942338,0.03341493988636752,0.17228558521558915,0.03081448496423435
SCMFDD,Fdataset,full_unknown,0.7702113071072345,0.011689014659889363,0.005725763961596219,0.0014035950500242058,0.027298948600227378,0.00609707536559769,0.013450136210672481,0.006527770034294542,0.10089877052624172,0.020570847484320257,0.01423552514766505,0.008230292673193008
SCMFDD,LRSSL,1:1,0.7390111548732932,0.015166194235583746,0.7617246851739918,0.015737435678269608,0.6956750072482667,0.014542355068623858,0.6794492660452158,0.01984033150698072,0.9554355842958822,0.0067298729662331755,0.7211294914367341,0.0196847987173055
SCMFDD,LRSSL,1:5,0.7384143934217057,0.016710058543968655,0.4392907515353043,0.020404069077894105,0.4899203272231019,0.01278993115922856,0.4778742097932069,0.013548493744442744,0.82439570461314,0.0200364492493795,0.5067602251559659,0.015424220072931424
SCMFDD,LRSSL,1:10,0.7399363185044642,0.015976269428643036,0.3107072394741337,0.01921645765632447,0.3920654899362005,0.014123533448178347,0.36840994321225756,0.020973543659579777,0.7142182943207641,0.016599294485853306,0.39683181222691644,0.020550328796371368
SCMFDD,LRSSL,1:50,0.7409378418391648,0.01619367197936675,0.09693148485145586,0.0091995322361383,0.18647890902158953,0.014757403297619423,0.16551912568306007,0.013401168180009157,0.4199919896105825,0.017169255256263036,0.1749127049996472,0.013662994521851293
SCMFDD,LRSSL,full_unknown,0.7405513121173375,0.016197021678380337,0.0033225714687347896,0.0004187968100735384,0.01844987125404353,0.004108578025290503,0.01245044465873775,0.005284580461447022,0.06216126339367252,0.011474493404406861,0.01056571735909936,0.004652201807642583
SCMFDD,Ydataset,1:1,0.8426594587770981,0.008899359327674699,0.8327225742663315,0.011340116604567612,0.7853849251646421,0.005631983067429032,0.7713076642642811,0.007918272381886318,0.9625820248603102,0.004942693986614516,0.7946819866644246,0.008009096256665814
SCMFDD,Ydataset,1:5,0.8427858501556557,0.007729618925801675,0.5406975103141691,0.020150076943210405,0.5537239477470894,0.013510037495570114,0.539060826158894,0.017299872559152066,0.8436298975934505,0.00939480715833307,0.5684535147660481,0.01804606180404068
SCMFDD,Ydataset,1:10,0.8423768049125077,0.0074079139122090925,0.38234884633959776,0.01796876557763495,0.44449121719965917,0.013515723993760036,0.42862110547126947,0.014398962615225976,0.7469637519376505,0.010483750232680661,0.4517033977398567,0.017989997252931128
SCMFDD,Ydataset,1:50,0.8421178591473506,0.006746043229351513,0.11953914303497011,0.00953614830106532,0.20768756153507337,0.009933149343298421,0.17530609383325385,0.017575098444701127,0.43381310457736133,0.010667918842042537,0.18697382043110983,0.01953322099780045
SCMFDD,Ydataset,full_unknown,0.8426485725011265,0.006674908071569174,0.00658917853886747,0.0006172322568157993,0.02496178363754748,0.005061195170021352,0.01609817998261302,0.003832014133973147,0.0445259673056331,0.005466917643042204,0.018348750041004818,0.003857460731382445
SCMFDD,LAGCN,1:1,0.8196599408747305,0.00800830651385809,0.8345064330610574,0.007916245191731522,0.7632656402115917,0.008539310296462306,0.7557569441618438,0.00836499528523785,0.7813006042134583,0.014434119184921523,0.7813774703044988,0.007408596709186599
SCMFDD,LAGCN,1:5,0.8215603832047353,0.0048562055593319485,0.5747978884337184,0.010841442926146484,0.5559576181863151,0.007127015945156017,0.5477299548644962,0.007944615462220498,0.507073809496392,0.016784085767091284,0.5837534176433741,0.008022266105373144
SCMFDD,LAGCN,1:10,0.8214039573979047,0.00516236383967378,0.44025076870977475,0.015300122493401859,0.4534259247665059,0.010491746851609137,0.4495003423645625,0.011709276334693186,0.3862598080558982,0.015572813178289683,0.48690436576291385,0.012127847903705687
SCMFDD,LAGCN,1:50,0.8215554926923924,0.005299760883384379,0.17708192463756575,0.009359256955264749,0.25141099767632075,0.011174658321084255,0.2478281524521972,0.011753191405877012,0.17057297425817153,0.01229477350369631,0.27631634093228197,0.012009579208761516
SCMFDD,LAGCN,full_unknown,0.8216121341703573,0.005071310880891951,0.12887817612542982,0.007192906927433442,0.20747385861275797,0.010347704275259682,0.2023782394145654,0.010054770160061186,0.13091191404100977,0.009975248236116402,0.226511832933808,0.010101852286324193
SCMFDD,SCMFDDL,1:1,0.8830389021037572,0.003374160010716986,0.8934089115133075,0.003732523912403354,0.8245491792217461,0.002871883705339971,0.8205147507203276,0.00308386449119992,0.8722747660218362,0.007067578578052806,0.8380776486361146,0.0029764605982062244
SCMFDD,SCMFDDL,1:5,0.8818657613896093,0.0029014425447669305,0.6885529387596792,0.005838380282103419,0.644845221313113,0.004368904949619371,0.6397069116588758,0.005661512099394172,0.6483449464216955,0.007790128466786812,0.6671641704003358,0.005492079823600181
SCMFDD,SCMFDDL,1:10,0.8818602117835622,0.002880360625501721,0.5648893306196536,0.007186117569771814,0.5493974206039469,0.005736793067748414,0.5445199876301037,0.005541865260798546,0.5270164414356406,0.007998505008310963,0.5748764881342205,0.0056721160834819016
SCMFDD,SCMFDDL,1:50,0.8819408419457785,0.0027292933647795788,0.2797831771060448,0.008761956759041026,0.32898274542451234,0.007819277997025855,0.3270783509334293,0.008017868885810244,0.2581038453367198,0.009603574382659413,0.35799562952488406,0.008537671774190651
SCMFDD,SCMFDDL,full_unknown,0.8819520854166136,0.0027765897710814065,0.03956211978384472,0.0013243423609940474,0.10149087550624122,0.003761142880536194,0.09925713520258601,0.0034133235421231253,0.05515018904449302,0.00330421858641274,0.11169850401334284,0.0024725333868689343
SCMFDD,iDrug,1:1,0.9112169365683542,0.002278354447964491,0.9116694450350646,0.002389478703017971,0.8372596986398333,0.002837461229343499,0.8336487899191637,0.0032198080293741288,0.8374743743499792,0.005224018108389979,0.848423259355771,0.002990043843616802
SCMFDD,iDrug,1:5,0.911186361915077,0.001575064071823788,0.7287003517243784,0.0037972442678631054,0.6682081816985288,0.003095163553975872,0.6663736472943731,0.003315035275095398,0.6244441536632486,0.011466374734467674,0.6902463314947401,0.003166977747419134
SCMFDD,iDrug,1:10,0.9113086053369255,0.001725938721173616,0.6117369591194903,0.004942014148187213,0.584742402708442,0.004644347789405196,0.5835075361263516,0.004895754157470202,0.5221465701407724,0.009201046838840557,0.6093156234773682,0.004671696183008777
SCMFDD,iDrug,1:50,0.9113205836688782,0.0016832114546621484,0.3194795415215304,0.004550382334369502,0.36756561532034626,0.0030862184292858503,0.3590387542741898,0.0030256219022756817,0.3004599730713767,0.008015597446013432,0.3857409926844829,0.0032143608247052523
SCMFDD,iDrug,full_unknown,0.9112819572016013,0.0016693869620558045,0.07721186180393629,0.0021395395030195,0.14275607805241786,0.0026029003019121515,0.1414770176217934,0.003006129288329477,0.11076643835774794,0.0026543409480503767,0.1596444144206733,0.003379612521142384
SCMFDD,TLHGBI,1:1,0.8371464238336574,0.023402244388401616,0.8022990183626124,0.03496941105261632,0.8212110264755694,0.014102982616309085,0.7590578697232317,0.0411360224646894,0.9966560362509623,0.004514745532908219,0.7855340514575244,0.03931249279251323
SCMFDD,TLHGBI,1:5,0.8418363167765743,0.012230800658408893,0.47166163873730793,0.030918248027632537,0.5596733362012494,0.015282300460990472,0.4558428850992452,0.037120312997138305,0.9885828846808854,0.0050705451178967445,0.4976137602077709,0.035798076055014914
SCMFDD,TLHGBI,1:10,0.8421998154937441,0.00982004269540837,0.32061753138896576,0.02459366373302839,0.41954337445834505,0.014958793514033886,0.31825086198863106,0.027654939602284857,0.9781357375692984,0.010381021482982443,0.36123431471995937,0.028901769755829265
SCMFDD,TLHGBI,1:50,0.8457368725097612,0.00951100041399641,0.09929912728481811,0.012352630385295412,0.17758431032945163,0.016958424152403666,0.14169695275370417,0.02509076524603114,0.933355426701668,0.01710157300995196,0.16493258651262976,0.025136986955096433
SCMFDD,TLHGBI,full_unknown,0.8474948979989362,0.008822933327834561,0.00034802718316247357,0.0003327889910534654,0.00664532242643231,0.005521217744558419,0.00341999813624077,0.003605021333240708,0.11683210890626103,0.018006308514278882,0.00436574666204333,0.004846735943437239
CDPMFDDA,Cdataset,1:1,0.8265088632416793,0.02063362363896203,0.867236824400579,0.016091649378402115,0.772067479661847,0.019131833427313984,0.7618514829915035,0.021952208954535604,0.9747323757143478,0.008053193125716595,0.8072450013930508,0.01817789198592387
CDPMFDDA,Cdataset,1:5,0.8285162206607591,0.018371188363107183,0.6860300874512755,0.032468146617443856,0.6488087069309186,0.02595858666816301,0.6303165167595157,0.022615802691081776,0.8941169574662317,0.016360583667523337,0.6917999230689897,0.02229017234091353
CDPMFDDA,Cdataset,1:10,0.8287156119998784,0.017962438653316475,0.5849095551281667,0.033531567790036125,0.5849849145582466,0.0349279216344439,0.5690874856058012,0.033793308794347554,0.8280568266871364,0.016093038839205782,0.63033219789943,0.030631850342929024
CDPMFDDA,Cdataset,1:50,0.8279390480971669,0.018946521388469688,0.3460967995601148,0.04186843630340529,0.42703770633937166,0.03969739266727907,0.41309483053748713,0.039042225802163676,0.632461172648485,0.02656650293570455,0.4639347227261229,0.042800310682113665
CDPMFDDA,Cdataset,full_unknown,0.8282077460836887,0.01867753072557318,0.0413167290298249,0.008797953245397038,0.1336932857618201,0.02367712884186604,0.1097864990196383,0.031574469344267365,0.30120472957089894,0.03771230929862685,0.10966472736100352,0.03236405083098018
CDPMFDDA,Fdataset,1:1,0.7912979627460256,0.02365478870250013,0.834333705248034,0.015374032560233017,0.7438304192701249,0.02682442722407658,0.7263126969713156,0.027848975857714783,0.9718824324845453,0.007215301830328398,0.7781811851419823,0.021321956641991737
CDPMFDDA,Fdataset,1:5,0.7956448229408771,0.023912927396939773,0.6249542443698599,0.02526333603480855,0.5932134411294496,0.028824328097322445,0.5830030447091501,0.02573851306122,0.8850495676076443,0.018029951800789895,0.6511373656372117,0.02064582712914582
CDPMFDDA,Fdataset,1:10,0.7971335035615195,0.021955677707651323,0.5260165035230309,0.02491052311248231,0.5315580964814237,0.024780877148826434,0.5136744832006837,0.029655389661760154,0.8160727050112021,0.02175857011581603,0.5849007761394495,0.026513949428423347
CDPMFDDA,Fdataset,1:50,0.7967565262301489,0.02126314499155944,0.26795962877435564,0.028025269617002517,0.3696414989743314,0.029610413157911065,0.3569280487153464,0.030525621136615944,0.6067063276542626,0.024439877084574794,0.40633827374687037,0.0335381852170187
CDPMFDDA,Fdataset,full_unknown,0.7971009432108744,0.021153852679296415,0.02711448568830317,0.005656573379534031,0.1006779076482536,0.017235328080492947,0.07864163239143204,0.020956389698907882,0.28068898164765776,0.0263312703307762,0.0822090662089865,0.025702014764743535
CDPMFDDA,LRSSL,1:1,0.7976229140880944,0.016868034499532166,0.8369317388653549,0.01276696393585174,0.7325420813255924,0.01567920887132223,0.720751098253509,0.014640961759746097,0.965247429047665,0.006753943768095571,0.7689773874616161,0.012022127786094393
CDPMFDDA,LRSSL,1:5,0.8008503067985082,0.015447771419365418,0.6341295808380112,0.019633375869938473,0.602573131756601,0.01661449655684158,0.576193078324226,0.02051174904614804,0.8638458266137314,0.014547380346083749,0.6424296038072976,0.01789881161241876
CDPMFDDA,LRSSL,1:10,0.7999562138796825,0.014827041764454022,0.5350528533385407,0.023844663869520118,0.5413927725179863,0.017703181667900143,0.5211303975141969,0.01845761439775792,0.7817852826418792,0.015402186438522697,0.588471438652652,0.01769597087247437
CDPMFDDA,LRSSL,1:50,0.800229549358016,0.014365305368452486,0.3108376595439992,0.03928381164889158,0.3948535762177235,0.029824835549661963,0.37952855459123536,0.02919961537281421,0.5619269600976677,0.017082520268027482,0.43944305056394783,0.028940805784461357
CDPMFDDA,LRSSL,full_unknown,0.7997595553021913,0.01378771635587836,0.0273326826269099,0.009056885591554086,0.09888463286296327,0.025506789946508932,0.09111111111111106,0.026097878580945852,0.201519486873286,0.01578212645327623,0.10126678125408695,0.03182669364339615
CDPMFDDA,Ydataset,1:1,0.8243792495325094,0.010393775130525494,0.8674668848335996,0.008588613412480298,0.7815180180012331,0.010689601785273364,0.7713085055666171,0.010529568797539728,0.9567799133741308,0.005773738035711855,0.8050744540686428,0.008831982748711482
CDPMFDDA,Ydataset,1:5,0.8252551110890909,0.009923002433407758,0.6895225201904587,0.013538857549296724,0.6651309295458202,0.01351345764731291,0.6530553296502987,0.013310375993223097,0.8514370588122386,0.007078255563435533,0.6947327323182569,0.013341491748423992
CDPMFDDA,Ydataset,1:10,0.8248263028232428,0.009188048653183721,0.5866695463022071,0.021268899761382513,0.5995722573396163,0.01798980707587008,0.5905537171541546,0.01637198543104902,0.7783002778070867,0.008670235099771356,0.6305468544766171,0.01813150126674754
CDPMFDDA,Ydataset,1:50,0.825191759815055,0.008645129921256567,0.3233908629710944,0.032973677726412506,0.4222327059109795,0.025393365269781556,0.41749544294567986,0.023914087291860286,0.5691122232533099,0.017162959203401648,0.4431132181070394,0.029388974197398374
CDPMFDDA,Ydataset,full_unknown,0.8253544518951867,0.008942862776854986,0.029025306171008503,0.005664976047646783,0.10039215063805736,0.017841635342771132,0.06746908213915134,0.010730946544834793,0.1776288319775959,0.021992859121143446,0.06630727355422852,0.010662924388706356
CDPMFDDA,LAGCN,1:1,0.6756486848003815,0.013056131138840884,0.6847455658882988,0.012231463248432191,0.6669606304870432,0.0007623021293591885,0.6450915950532006,0.01062942337536043,0.6075616569323056,0.015074222521108906,0.6593275727755284,0.012114038046158302
CDPMFDDA,LAGCN,1:5,0.6767181100586286,0.012277867086776568,0.32457533360873525,0.012447245688782034,0.41920175172003316,0.012662437558295063,0.40980752093259987,0.014739014409336629,0.24907488178767795,0.016159674462357002,0.4079056543070757,0.01418597493586675
CDPMFDDA,LAGCN,1:10,0.6770257158507881,0.012336831677511532,0.19833219751471515,0.008780506632835298,0.31935252721614055,0.011691969113015425,0.2799736193507635,0.013716915546329552,0.1459318148147128,0.011691175416265982,0.2734248974064145,0.014458613915453842
CDPMFDDA,LAGCN,1:50,0.6772091165067978,0.011807013509690033,0.04850553220425856,0.002259318940813747,0.11766655431779464,0.005176412574069592,0.06228204116513645,0.008048377262621526,0.03124589607362425,0.0036690218858191014,0.060234282610336656,0.008870685672551053
CDPMFDDA,LAGCN,full_unknown,0.6772158676802535,0.012009213646149567,0.03201954451892037,0.0015642511359834725,0.08233612066862761,0.003951455992728978,0.03475183139975496,0.005766320911933327,0.01942886255399147,0.00373359643621084,0.03409733768081558,0.006135259883200325
CDPMFDDA,SCMFDDL,1:1,0.8106746402018459,0.006365617102697659,0.8376699158445522,0.0039004300569626935,0.7775649280846559,0.005867781884384968,0.7747428371283449,0.006354173900698351,0.8074235593619974,0.0063601342307792125,0.792853459103632,0.005606557813972972
CDPMFDDA,SCMFDDL,1:5,0.8098621233183911,0.006184288286632565,0.5752545240610385,0.004391372432083717,0.6267525068304124,0.0028924923694169363,0.6251958560018809,0.0023519867088484564,0.5373052271629959,0.005105944037465953,0.6358186908019874,0.0038549460297786914
CDPMFDDA,SCMFDDL,1:10,0.8099627085452971,0.00635099709808258,0.4295192577558134,0.003717849691335897,0.5472234283191638,0.004991224393997828,0.5464537076179657,0.004639276609442635,0.4124105894783356,0.006984854208822166,0.5468884372742304,0.004604477992488278
CDPMFDDA,SCMFDDL,1:50,0.810156176455148,0.006317080251562638,0.1469046325002386,0.0030280494679858017,0.295285287900287,0.00517070958768359,0.2139614104299632,0.0069329542281370265,0.1482658474682677,0.007231243424347578,0.20992607003977898,0.007356869057832458
CDPMFDDA,SCMFDDL,full_unknown,0.810201649417092,0.0062712823176077955,0.01184085291723087,0.00027613353875770427,0.03264850552716027,0.0010964341515575825,0.01349340138267469,0.0022641596500253733,0.00929102556965777,0.0016308242958804355,0.0130237655510517,0.0021560366420786763
CDPMFDDA,iDrug,1:1,0.8624659266794893,0.007627887480477694,0.8646897092855552,0.004881542161797828,0.8453059507388708,0.007122705323906709,0.8420179421756311,0.007697546484610016,0.7140294463854867,0.010656759977421982,0.8524116444230995,0.006901364829007923
CDPMFDDA,iDrug,1:5,0.8625946239566277,0.0071784784715438,0.6100365899625146,0.008555659148734771,0.7171533147555428,0.006657472876339167,0.6867267207090774,0.011453173529155371,0.462964393733881,0.017569723300245702,0.6922974345553364,0.011735048958894694
CDPMFDDA,iDrug,1:10,0.8625678870333834,0.007440497173100132,0.454324862387252,0.01114369302296633,0.6144534348171232,0.009273053233172701,0.5348890962656953,0.015349638326253417,0.353853043194722,0.018749188514550947,0.541763303034801,0.015590471936140547
CDPMFDDA,iDrug,1:50,0.8626712384286492,0.007227151224822026,0.15190725928831156,0.006676009077837382,0.2871226136501209,0.011589215529731042,0.21461939624416795,0.00986275836038956,0.14953914760150763,0.01209741814066117,0.22066682195950998,0.010346031882931976
CDPMFDDA,iDrug,full_unknown,0.8626622916066019,0.007242224649665082,0.01945360969785075,0.0009851585254567247,0.04440669124049204,0.0025878765005547403,0.04494935563592515,0.0028955880082917147,0.028090536691240963,0.004005845180860616,0.04704259890714938,0.0032656330575449276
CDPMFDDA,TLHGBI,1:1,0.8391765532006208,0.01683598608078468,0.9086665481439505,0.009445233066045024,0.8684828538172594,0.013211488861258395,0.8247647004007082,0.01569136706864311,0.991647647263657,0.006594124259990551,0.8675615381805158,0.011992829888982056
CDPMFDDA,TLHGBI,1:5,0.8383632164829606,0.015999925099549724,0.8281530869697452,0.011365374071156687,0.8281657034542261,0.016471425241702572,0.7857562202963377,0.012643557878156722,0.9647310823516884,0.010889650607538291,0.8361154311546143,0.009908296455951338
CDPMFDDA,TLHGBI,1:10,0.8381579755802735,0.01615325600685342,0.7923051430883201,0.013996467138870037,0.8010921123170206,0.01800206999744188,0.7659025253937191,0.02335031328058397,0.933222663700145,0.012391873659870233,0.8188225042321031,0.017815165481883014
CDPMFDDA,TLHGBI,1:50,0.8383083971652624,0.016220853868241746,0.6962070715710522,0.024641295846859743,0.709692051123412,0.021460348676539908,0.6892507688006709,0.021262222296921134,0.8431943857638438,0.01886068654804157,0.7518573633436355,0.01888389101274555
CDPMFDDA,TLHGBI,full_unknown,0.8383628932613728,0.016103061850518786,0.013889438650102389,0.004345689812642344,0.06016258564666203,0.01230392682151083,0.04309943155344325,0.022299945705808594,0.2446792571675643,0.032695713213375645,0.04225251434231878,0.02642069316341438
DRDDA,Cdataset,1:1,0.6838368272621499,0.032306027028146035,0.703053020144194,0.03148506172448782,0.6832982717320318,0.01271604192332858,0.6346643428464722,0.028890484394269528,0.9489180573096284,0.007328883226222644,0.6749759653312866,0.03233875198696526
DRDDA,Cdataset,1:5,0.681282109769925,0.0325824285378178,0.36154444640830463,0.04178219440912697,0.38769271541232553,0.03337742772830991,0.3716161961968193,0.03515987633279929,0.7945948457613738,0.023727900957165617,0.4186063255088229,0.040758302461970874
DRDDA,Cdataset,1:10,0.6831783350033447,0.030996189320788712,0.2323049241547633,0.03642782705731491,0.2953092448296523,0.030236039113087206,0.272879773427531,0.03379950240844776,0.6801550715210734,0.0316440372200313,0.30632412675445825,0.042546782164193025
DRDDA,Cdataset,1:50,0.6825269362516728,0.02891670296715201,0.06574314842911981,0.014546984013081877,0.14229767362034498,0.024439289405817723,0.12399863060595684,0.03138447613785865,0.35994727306022384,0.03447956710558269,0.13379774114085125,0.0359458997549224
DRDDA,Cdataset,full_unknown,0.6815055701541096,0.027726250773320086,0.00362066101143644,0.0012004492680285546,0.021213193595727868,0.007466942412483591,0.01184681460272005,0.005264953932460785,0.0725952656966497,0.02216502013237245,0.0118628219943797,0.007163142876712155
DRDDA,Fdataset,1:1,0.6774719858650686,0.026840846650906185,0.6855063295446986,0.02469329930853544,0.69040365587896,0.01328465183911644,0.6176780086533838,0.02654117757540212,0.9513700776128248,0.0122127953416961,0.6573370703314204,0.025490922119580945
DRDDA,Fdataset,1:5,0.6824243811715399,0.021622266476345766,0.3597870027896047,0.03464524388457208,0.38232367277100004,0.027935753698461012,0.3584904652529245,0.030408330373208763,0.8111794029373438,0.01660704629156808,0.41239325624967665,0.036019258679093745
DRDDA,Fdataset,1:10,0.6818581030739291,0.0178609859190535,0.2347342029914504,0.02764512217083809,0.2842332714525911,0.024183381606639746,0.26746968644837343,0.031494127973955066,0.6928200035162646,0.01711651626232364,0.3124953605441026,0.03685960733560922
DRDDA,Fdataset,1:50,0.6809043259746397,0.02039293858432647,0.06806779172342234,0.012658644510400913,0.14762231451615113,0.025322577161821572,0.13810426793440517,0.02049105918007508,0.3796028327149087,0.029531757774740874,0.15108027310211464,0.02631244235955937
DRDDA,Fdataset,full_unknown,0.6795062392770336,0.01924066322353932,0.00469569029158024,0.0014000809303858774,0.02579002383795977,0.0070184287157008226,0.00982319320549113,0.007478241479091314,0.09567166995482489,0.016678646700044465,0.01305627650389645,0.00991563711837773
DRDDA,LRSSL,1:1,0.65335822154598,0.021059788644246593,0.6681523074248694,0.01759146948947303,0.6773535564530844,0.005358304029264894,0.6129111753991214,0.02098307979000548,0.9385232161961398,0.006311146310132519,0.6497437841843057,0.020295185175264522
DRDDA,LRSSL,1:5,0.6569812971186957,0.017040522296440788,0.32331821118169646,0.0209629894522414,0.3623286992154519,0.01915613689760782,0.33530161791492546,0.02336488872937548,0.773343845309905,0.022941486757277287,0.37789707106747283,0.02254072040864092
DRDDA,LRSSL,1:10,0.6585324055254809,0.015387190798272967,0.2104980446360921,0.01994986947959183,0.2611048278615726,0.018451152537323955,0.2431993999785706,0.022970310891502397,0.6434838512817243,0.01638422519669446,0.2857768132264654,0.02361329609452824
DRDDA,LRSSL,1:50,0.658505845353181,0.016455996133623217,0.05911648509320078,0.010026735394961244,0.11875536404746871,0.018883739396181806,0.10750562520089998,0.02007978739511429,0.3157093339314909,0.02772883459880751,0.12651941106308962,0.022341265901580403
DRDDA,LRSSL,full_unknown,0.6580319517199571,0.015898353459106444,0.0019285001567307801,0.00038907718412748246,0.016455090401404977,0.004703647659634636,0.01048537447765986,0.004301423605589098,0.04226649685801796,0.007350179618522209,0.00961447377126729,0.0033598697902402636
DRDDA,Ydataset,1:1,0.7369723351962809,0.014502781881061463,0.7351789394908428,0.015333436919596663,0.7070515342169192,0.0078625516770412,0.672344569393421,0.014784545016181838,0.9426869757043121,0.009355614869455428,0.7009847895880904,0.014699104174501133
DRDDA,Ydataset,1:5,0.7435871229125459,0.01099214948955891,0.39786594085031907,0.014617855287551947,0.4358451574909036,0.009101575451105608,0.4122872206175159,0.009931391674265174,0.7820638230732999,0.011962787948671076,0.44312707757419795,0.012979776314743098
DRDDA,Ydataset,1:10,0.7424015671352343,0.011575994012902806,0.2586521659583182,0.015088234241793671,0.3250147010006102,0.011385110235455596,0.30859698813763703,0.019751997688058923,0.6556706827715377,0.01321271079454576,0.332085538809321,0.020151090847393912
DRDDA,Ydataset,1:50,0.7430907910389393,0.011867433032865854,0.07170485921228777,0.006422072565327741,0.14312442327562308,0.013250124437634844,0.12653790067023746,0.01263160669899027,0.33272599101786926,0.0159949933128696,0.1352845985906153,0.01360529512382386
DRDDA,Ydataset,full_unknown,0.7436882003737747,0.011654841929493927,0.00378576554527659,0.0005705841911698491,0.017667897647377633,0.004233190837147732,0.01112678426203758,0.0048695683662465,0.04455876869182943,0.008151394510915068,0.012530944840248021,0.006672071499318539
DRDDA,LAGCN,1:1,0.6994170433406345,0.020615235257027575,0.6883263956031631,0.01948568437634133,0.6941515776263124,0.008181451978727635,0.6456344537294736,0.01647495362352478,0.5781944206461824,0.017395511686213647,0.6656839605406042,0.016003109465143987
DRDDA,LAGCN,1:5,0.7006393498124515,0.017190984806295412,0.32629658903633996,0.01823506812866178,0.38448704998232097,0.01688850485685197,0.35175847403897587,0.02130232809215808,0.21818182665370617,0.01581437643151829,0.3706643376803736,0.019160711619207408
DRDDA,LAGCN,1:10,0.7011010419291213,0.017008484312726273,0.20046393453944095,0.015126530797905545,0.27195062571174744,0.01651009146215006,0.24489493447891286,0.02016918657795994,0.12784015020727285,0.01448493914698751,0.25960404070317095,0.019625359262284668
DRDDA,LAGCN,1:50,0.7010786172486032,0.017464425216161185,0.05036087417082343,0.005018038532963031,0.1041876720729155,0.010412860711222015,0.08986686412343756,0.008808593326185611,0.035172498770947504,0.004661721436834278,0.09437444608646531,0.008914314412282374
DRDDA,LAGCN,full_unknown,0.7011127604725848,0.017435751699019713,0.03343394625121895,0.0034796633094705065,0.07742175902322225,0.008306573334445995,0.06369437607965736,0.007156027172088918,0.02507394868929083,0.003940278917239347,0.06728878850745432,0.0074722324331969415
DRDDA,SCMFDDL,1:1,0.7264107089506741,0.021639771815414932,0.7187971790485645,0.02321213045524836,0.7015590890141468,0.00949348308843127,0.6660632490064609,0.016934424326285516,0.7442340475429692,0.01377116279109797,0.6845696947665396,0.017687496707701388
DRDDA,SCMFDDL,1:5,0.7261999533709983,0.018413676443091515,0.36663301374454477,0.02749529011787937,0.40834114825574674,0.018452014757862442,0.3844519092941645,0.023750541544354263,0.379861849547706,0.020193535264726534,0.40438711620770507,0.026079923242776075
DRDDA,SCMFDDL,1:10,0.7262608326865352,0.018982555498912597,0.23489044950228416,0.023925870426397072,0.29712317672392796,0.019787514607062386,0.27754234216680784,0.025082278167593414,0.2491631299971419,0.021359458435599932,0.2945629355340908,0.028092166392730968
DRDDA,SCMFDDL,1:50,0.7263563484797124,0.01852613104034334,0.06315830162214278,0.008931771875901717,0.11985792596826898,0.012879905643371655,0.10866055942384048,0.015019997460655264,0.07993961130637109,0.01479135452208717,0.11736228727420647,0.017655721481855673
DRDDA,SCMFDDL,full_unknown,0.7263631538305808,0.01857869329432042,0.00477759324734729,0.0008521539829619295,0.02049003789093991,0.0038900145992399847,0.016892463666328888,0.004376356260632872,0.01101131660314609,0.00737374151023827,0.01836373105295985,0.005563336019869734
DRDDA,iDrug,1:1,0.80425625971923,0.008849376265541213,0.8166738267963496,0.010679229896064978,0.7385782780129987,0.005880297700827112,0.7281868703930576,0.0069701741963999475,0.5395271489788807,0.01602265190649742,0.7486100103697018,0.007200591495073827
DRDDA,iDrug,1:5,0.8039388023818772,0.009012337707587859,0.5409966834420319,0.022550726240113984,0.5127052335746186,0.014840177727463202,0.510678892296966,0.01637688873014604,0.20994529116123478,0.014781452484541087,0.5386634932008694,0.01692416011676345
DRDDA,iDrug,1:10,0.8039847019189811,0.008857512010550683,0.41010338615050285,0.02505384006187662,0.4201413920271803,0.016837375213565275,0.41842098932414407,0.016990028966031145,0.13174695717394908,0.012521439541820244,0.4466209804320872,0.017884314809055904
DRDDA,iDrug,1:50,0.8042386926357443,0.008867671536552942,0.1688304082137514,0.02539322975331414,0.2405417419239207,0.020655422735237818,0.23850696680830744,0.020559716955276114,0.03982251514521765,0.009668123770753016,0.2592773372277977,0.02411861360899039
DRDDA,iDrug,full_unknown,0.8042853047738092,0.008824902256508662,0.029604783699684112,0.008577322382100808,0.0908451806893634,0.018521468426676443,0.0881228026423437,0.020244289452907935,0.007706858973777919,0.005567896734479007,0.0942608959108754,0.023154818649314488
DRDDA,TLHGBI,1:1,0.8518558333192436,0.014070674619397554,0.8543243119584896,0.01787339865449559,0.7994184866555835,0.013687764129195546,0.7720669089553629,0.014204626526159166,0.9935041196928605,0.0045840861987231874,0.8128711091748686,0.013241625731471099
DRDDA,TLHGBI,1:5,0.8624414649828156,0.014731756579431642,0.6351931347693134,0.03689004128128216,0.584533100197685,0.03131619589509005,0.5639548970273041,0.04063261150972438,0.9572774390369292,0.014250499331629852,0.635028740911369,0.03675474298175391
DRDDA,TLHGBI,1:10,0.8604539230824267,0.01465075361522426,0.5125237571174386,0.03595486476032536,0.4728950742780905,0.02892546272999026,0.45377877178268566,0.03290918441178971,0.9135283319619812,0.010195322606126064,0.5398385275516796,0.03039859805849228
DRDDA,TLHGBI,1:50,0.8618477239259745,0.016367587008892428,0.2948833820729835,0.02788802003859137,0.33630626073286424,0.03281116038704075,0.28881744478613364,0.036092432006508295,0.7212539863296185,0.026141024567843087,0.3858022381528512,0.03418403656347099
DRDDA,TLHGBI,full_unknown,0.8627950618264691,0.016248978875354557,0.00351810842911768,0.0025370380863869125,0.02524075139743388,0.009026456146186848,0.01093560711956012,0.010253594380614744,0.12617613794953378,0.023775738538939262,0.01528803750781527,0.014099283847918182
