method,candidate_protocol,auc_dataset_mean,auc_between_dataset_sd,aupr_dataset_mean,aupr_between_dataset_sd,f1max_dataset_mean,f1max_between_dataset_sd,recall_at_p_dataset_mean,recall_at_p_between_dataset_sd,map_at_10_dataset_mean,map_at_10_between_dataset_sd,ndcg_at_p_dataset_mean,ndcg_at_p_between_dataset_sd,auc_rank,aupr_rank,f1max_rank,recall_at_p_rank,map_at_10_rank,ndcg_at_p_rank
IHWKNN,1:1,0.9304050385626231,0.034133659633998975,0.935380405061588,0.03729539261940426,0.8744543414100898,0.043965024611930935,0.8657073029083612,0.04546501768370813,0.9446425274086953,0.07065380439218545,0.8868331636143756,0.04357168694512182,1,1,1,1,1,1
IHWKNN,1:5,0.9306753860418997,0.034166566301033256,0.813488356036957,0.10843248291521365,0.7583505118945755,0.0963527875213507,0.7480344108637479,0.09328657669150409,0.8434500566674007,0.17528309588512367,0.7818260343474975,0.09548645222630689,1,1,1,1,1,1
IHWKNN,1:10,0.9308900144316382,0.03416100284592102,0.7365140984008584,0.14888327149881375,0.6972713797751312,0.12541692731839033,0.6849211454728821,0.12175709678103862,0.7824192528279876,0.22265735517969176,0.7238267431956461,0.12632282232446354,1,1,1,1,1,1
IHWKNN,1:50,0.9307277886906862,0.034157461600552774,0.5304239739228718,0.22790977053334713,0.5402817232296905,0.18624429235556317,0.5235694193472376,0.17812677653225079,0.6305926038001868,0.3012563642978166,0.5711844165015568,0.19236783045097186,1,1,1,1,1,1
IHWKNN,full_unknown,0.9307784964310891,0.034195749183013574,0.1865399943745115,0.11622661960278029,0.2634726984950345,0.11674406650395865,0.25099437480013337,0.11137888419974931,0.3695305034102118,0.23206629265560336,0.29807101373943606,0.13885873778837543,1,1,1,1,1,1
MDGCN-common-protocol,1:1,0.9106790015404254,0.05058508818765126,0.9214730630558575,0.043232425888815616,0.8536273177881892,0.06136497921927208,0.8443957423740425,0.06432169672041502,0.9430566630999092,0.06904357268392106,0.8696391682221459,0.05347815132053376,2,2,2,2,2,2
MDGCN-common-protocol,1:5,0.9106271709054494,0.05034720800451478,0.7807382599520225,0.10560334823531944,0.7317446195139177,0.0978770704530115,0.7188833923543086,0.09976201336450852,0.8350404633686583,0.15931389709747085,0.7571386555487878,0.09147976766956899,2,2,2,2,2,2
MDGCN-common-protocol,1:10,0.9104669519577508,0.050464286821580856,0.6941435469099883,0.135931512529713,0.6637067860161479,0.11415499783572883,0.651498043921483,0.11644573325201141,0.7676237073395473,0.19611694811160388,0.6945211286110228,0.11195404107924879,2,2,2,2,2,2
MDGCN-common-protocol,1:50,0.9105121266202334,0.050559456066514505,0.46123484753383054,0.18546117455721498,0.49037242343846743,0.14994585258779586,0.4763312416120753,0.1421466858424337,0.5900396120739667,0.2558324312174491,0.5241447244266353,0.15088110159346033,2,2,2,2,2,2
MDGCN-common-protocol,full_unknown,0.9105789410832448,0.05046840572744269,0.0941452993876737,0.05148439284764697,0.17604394766067763,0.06262095786969307,0.166906757065968,0.06163978612079681,0.2763842632260027,0.14639224121347982,0.19030415464331146,0.06912042140718544,2,2,2,2,2,2
MCDR-adapted-no-DDI,1:1,0.8915543061098462,0.060869102550359384,0.8824859539374881,0.06710325014003156,0.8379244077490129,0.06686175471970764,0.8265208558759655,0.0729514015728021,0.9296181510575828,0.07589745256780069,0.845422878655572,0.06622291497294915,3,3,3,3,3,3
MCDR-adapted-no-DDI,1:5,0.8909400547104628,0.06098157476131597,0.6587751992184043,0.16374285797597654,0.6578891513779995,0.12492774850179518,0.6404994763992111,0.13193323421363398,0.7946789085746553,0.16561087193766696,0.6629675119427306,0.12996776723117812,3,3,3,3,3,3
MCDR-adapted-no-DDI,1:10,0.8910075220886904,0.06117995039212014,0.532217729765774,0.1968049607933649,0.5595371771351075,0.14599445865699945,0.5386068437441719,0.1565034048220487,0.7109999825889197,0.19676708797204243,0.5588756765455548,0.1596211875243807,3,3,4,4,3,4
MCDR-adapted-no-DDI,1:50,0.89101793146805,0.06119750130257861,0.2581216285464354,0.1762784600905371,0.3275409719081442,0.15243596935301684,0.30023604017717964,0.16153115457237988,0.48337234415190977,0.23440460292897997,0.31440731557659496,0.17050500652461362,3,4,4,4,3,4
MCDR-adapted-no-DDI,full_unknown,0.8910290686562411,0.061313922223625535,0.044440399169026104,0.05978359254438863,0.07901535055470517,0.08613953867132877,0.07040702334790244,0.08990135026233008,0.0980553573808056,0.036586788868093585,0.07779110830459356,0.10130613310061062,3,3,4,3,4,3
AdaDR-adapted,1:1,0.8613298983856565,0.0664712873540712,0.8612352788594336,0.0669135650153624,0.8039977211875742,0.06510801262622065,0.7924027960629365,0.07163982910098604,0.913168284502589,0.10040972955988782,0.8178163821614376,0.06517090374315423,4,4,4,4,5,4
AdaDR-adapted,1:5,0.8611448146002042,0.06624849304546464,0.6245832562712088,0.14968031502025095,0.6124283827858152,0.12351752490896604,0.5984185856781989,0.1292760945729999,0.7659845285025754,0.201156957711064,0.6336624579235621,0.12442329742523199,4,4,5,5,4,5
AdaDR-adapted,1:10,0.8613917517754774,0.06588815125117721,0.4960992086741056,0.17059204035686085,0.5177099152336658,0.14044521463428986,0.5040199853762852,0.14407377961661363,0.6777639214498933,0.22871628236855632,0.5380371509276498,0.142776363765339,4,5,5,5,4,5
AdaDR-adapted,1:50,0.8614575078573199,0.06596790080991702,0.23179602743370725,0.14817691785322398,0.3014988395255569,0.1348222491620358,0.28437304736496916,0.12953144310277503,0.45248717357929047,0.2541545543521715,0.31287773926158574,0.1382491033807293,4,5,5,5,4,5
AdaDR-adapted,full_unknown,0.8614511759600839,0.06602156727021041,0.0250515544366314,0.02432690972236898,0.06603646940122569,0.04201898353898214,0.05578555303010541,0.042903866819105685,0.09787987062168604,0.034557303196802794,0.062499866786329586,0.045654803036949666,4,6,6,6,5,5
SCMFDD,1:1,0.8193645902880273,0.06178571922322912,0.8202101899129951,0.05911399480084445,0.7737689918991651,0.05218567969812454,0.753252299802427,0.05605270061908524,0.916784852850755,0.0766385820107695,0.7803648756286662,0.04723012046563077,5,6,5,6,4,6
SCMFDD,1:5,0.8202351851205182,0.0617134475132167,0.5402919213122656,0.11590170376950543,0.5529280339380706,0.07346423307118782,0.5268150937220961,0.08790558538972328,0.7654735900286382,0.15674972887908234,0.5607998410653054,0.08170710667467254,5,6,6,6,5,6
SCMFDD,1:10,0.8204541371942852,0.06135846921013767,0.4031547808158027,0.12500627913659892,0.4466331958659755,0.08186652322148796,0.4218636148140027,0.09923025574480862,0.6709104525557882,0.1841106812960214,0.4542541054503828,0.09538838283138057,5,6,6,6,5,6
SCMFDD,1:50,0.8209423311684423,0.061467060566066704,0.1584673811191014,0.09245393301201202,0.23209028395266168,0.07742872039474277,0.2146617483463537,0.08644013353911652,0.42687018616216227,0.22921863170826104,0.23406849944478655,0.09332779774065432,5,6,6,6,6,6
SCMFDD,full_unknown,0.8211389791712331,0.06171774451285148,0.03333907988301677,0.0468395139899978,0.06875884768070743,0.07377232903379068,0.06274390160624259,0.07570352441161354,0.08830518163709893,0.03162566278699124,0.07037284055038377,0.08504790543182307,5,4,5,4,6,4
CDPMFDDA,1:1,0.8034718493113308,0.05643707694507976,0.8377176115637406,0.06647251450769678,0.7735340451733284,0.063436317397572,0.7583551073176038,0.062252570361513736,0.873663057570517,0.14626738786290902,0.7914540303185085,0.06334010381366144,6,5,6,5,6,5
CDPMFDDA,1:5,0.8047255669132304,0.05603257648853627,0.6215819959314548,0.1424792663860638,0.6376249357653755,0.11621415607594643,0.6187567859228857,0.10731129402252026,0.7135656244420112,0.26085098097804854,0.6565296044563462,0.11874617465379828,6,5,4,4,6,4
CDPMFDDA,1:10,0.8047932399092581,0.05588003850674871,0.5133912398797558,0.16847709225475158,0.5674536929458401,0.132052992671533,0.5402081290128725,0.132645580196685,0.6312041504169025,0.28504084613564135,0.5768938011394622,0.1505655113186398,6,4,3,3,6,3
CDPMFDDA,1:50,0.8048077265070306,0.05582733652151938,0.28647618080167814,0.1956498696518035,0.3779414993042526,0.16801728302854302,0.3433950616787109,0.18662974723303213,0.44280649507012104,0.29165228657482,0.37443922538715524,0.21039022762343837,6,3,3,3,5,3
CDPMFDDA,full_unknown,0.8048581748071577,0.05585243796112322,0.025249081162518856,0.009772403116177372,0.08165023499925453,0.033741148865755764,0.06041279307914135,0.03198440696567076,0.15781646400648663,0.12162308849036167,0.06198300810745512,0.03387304056477339,6,5,3,5,3,6
DRDDA,1:1,0.7291974018999077,0.06773761310998784,0.7337515387513964,0.06684339039575528,0.7114768061987546,0.04015832998399146,0.6686936972970942,0.05561310556510897,0.8296197579604747,0.18330949983190276,0.6993470480358521,0.05540510474908286,7,7,7,7,7,7
DRDDA,1:5,0.7321868101901061,0.06969231601701441,0.41395437777776933,0.11286160448083404,0.43228209711250654,0.07736371868451682,0.41106745907994946,0.08244967507105462,0.6158060404351873,0.29705611264083315,0.4500959273000609,0.09111794417431551,7,7,7,7,7,7
DRDDA,1:10,0.7322213637943816,0.06873649907815067,0.2867713581312863,0.11250288891257831,0.3284715392356716,0.07657474268542734,0.3108478607180828,0.08050278762219293,0.5118010223038681,0.2979406320587847,0.347163540444422,0.09585281833365573,7,7,7,7,7,7
DRDDA,1:50,0.7323186601135584,0.06933230419606157,0.10523315631721647,0.08534358997061027,0.16908667201969468,0.07936283359773426,0.15274978244415233,0.07125611828007035,0.28302175528458096,0.23072847323779402,0.17543729157974894,0.09824078971291691,7,7,7,7,7,7
DRDDA,full_unknown,0.7321610303035399,0.06992983237642333,0.01067063107904901,0.012938234313635605,0.03689049181042871,0.029555505264257133,0.027865927006974836,0.030439767609352786,0.053132557927133825,0.04198689833364765,0.030283246261112038,0.03208894740552673,7,7,7,7,7,7
