metric,competitor,dataset_count,mean_paired_delta,median_paired_delta,bootstrap_95ci_low,bootstrap_95ci_high,wilcoxon_w,wilcoxon_p_two_sided,holm_p_within_metric,holm_significant_0_05
AUC,MDGCN-common-protocol,8,0.020199555347844414,0.013652053078552662,-0.003338199176472087,0.04568453527430365,9.0,0.25,0.25,False
AUC,MCDR-adapted-no-DDI,8,0.03974942777484808,0.028115249911716156,0.008325674932681645,0.07243385760738137,6.0,0.109375,0.21875,False
AUC,AdaDR-adapted,8,0.06932732047100523,0.0847053114886876,0.03878621831680534,0.09884009456015483,0.0,0.0078125,0.046875,True
AUC,SCMFDD,8,0.109639517259856,0.12176686299574524,0.06714551138443198,0.15049886189818906,0.0,0.0078125,0.046875,True
AUC,CDPMFDDA,8,0.12592032162393144,0.12406639669311026,0.10801961968596668,0.14725327902034752,0.0,0.0078125,0.046875,True
AUC,DRDDA,8,0.19861746612754927,0.19679634982008798,0.16295131566975224,0.23351702173334854,0.0,0.0078125,0.046875,True
AUPR,MDGCN-common-protocol,8,0.09239469498683778,0.10263299226587222,0.021404732170362116,0.1625272810067672,5.0,0.078125,0.1171875,False
AUPR,MCDR-adapted-no-DDI,8,0.1420995952054854,0.15020659488174032,0.03860233653395819,0.24313870930820783,4.0,0.0546875,0.1171875,False
AUPR,AdaDR-adapted,8,0.1614884399378801,0.1443430969567434,0.07751898923784814,0.24721639872152135,1.0,0.015625,0.0625,False
AUPR,SCMFDD,8,0.1532009144914947,0.15157386514639223,0.059227988324141626,0.24744831604093057,3.0,0.0390625,0.1171875,False
AUPR,CDPMFDDA,8,0.16129091321199263,0.13643747671354384,0.09206890778864957,0.23281998613042257,0.0,0.0078125,0.046875,True
AUPR,DRDDA,8,0.1758693632954625,0.15068586017941665,0.09862786611137926,0.255641421177656,0.0,0.0078125,0.046875,True
F1max,MDGCN-common-protocol,8,0.08742875083435692,0.11624293315383018,0.018059966484989098,0.15261790957313154,6.0,0.109375,0.1171875,False
F1max,MCDR-adapted-no-DDI,8,0.18445734794032934,0.2411348789090038,0.059473655517859464,0.30118253424224056,4.0,0.0546875,0.1171875,False
F1max,AdaDR-adapted,8,0.19743622909380884,0.21560941870597958,0.10068976660111774,0.2910556681087886,1.0,0.015625,0.0625,False
F1max,SCMFDD,8,0.19471385081432707,0.24130726203162908,0.07898966497594509,0.3037490666225874,3.0,0.0390625,0.1171875,False
F1max,CDPMFDDA,8,0.18182246349578002,0.17433124961705437,0.12445649928072648,0.2391884277108335,0.0,0.0078125,0.046875,True
F1max,DRDDA,8,0.22658220668460582,0.2330069379724476,0.13986150158577149,0.3120224598635071,0.0,0.0078125,0.046875,True
Recall@P,MDGCN-common-protocol,8,0.08408761773416538,0.11495606035579269,0.015197724959860612,0.14812635975641963,5.0,0.078125,0.1171875,False
Recall@P,MCDR-adapted-no-DDI,8,0.18058735145223095,0.23285932802644227,0.055881360823503576,0.29691372108613856,4.0,0.0546875,0.1171875,False
Recall@P,AdaDR-adapted,8,0.19520882177002796,0.2116345713373305,0.10118264088530572,0.2862483511470977,1.0,0.015625,0.0625,False
Recall@P,SCMFDD,8,0.1882504731938908,0.23153826408173872,0.07536231965661915,0.294990590628842,3.0,0.0390625,0.1171875,False
Recall@P,CDPMFDDA,8,0.19058158172099204,0.19127940537275215,0.13273344918986268,0.24857928361535653,0.0,0.0078125,0.046875,True
Recall@P,DRDDA,8,0.22312844779315855,0.228762994680618,0.1376924126130377,0.3064982315252181,0.0,0.0078125,0.046875,True
mAP@10,MDGCN-common-protocol,8,0.09314624018420914,0.08784116486965288,0.02143476171500753,0.16652249153772009,4.0,0.0546875,0.1171875,False
mAP@10,MCDR-adapted-no-DDI,8,0.27147514602940614,0.3702543513015166,0.11098235707470526,0.41432158763469285,3.0,0.0390625,0.1171875,False
mAP@10,AdaDR-adapted,8,0.27165063278852575,0.34201387689169105,0.13672667116629517,0.39721659994289155,0.0,0.0078125,0.046875,True
mAP@10,SCMFDD,8,0.2812253217731129,0.36593559947320586,0.117868908609879,0.43007369655739563,3.0,0.0390625,0.1171875,False
mAP@10,CDPMFDDA,8,0.21171403940372516,0.2323329136027475,0.13400273316633424,0.2882070368654255,0.0,0.0078125,0.046875,True
mAP@10,DRDDA,8,0.316397945483078,0.3712109682193968,0.18186468996572863,0.44193494304524333,0.0,0.0078125,0.046875,True
NDCG@P,MDGCN-common-protocol,8,0.10776685909612457,0.13975358192853554,0.022803603864324066,0.18704368848599925,5.0,0.078125,0.1640625,False
NDCG@P,MCDR-adapted-no-DDI,8,0.2202799054348425,0.2912454062726686,0.06966721957579754,0.3593256888564539,4.0,0.0546875,0.1640625,False
NDCG@P,AdaDR-adapted,8,0.23557114695310644,0.2633614380265023,0.12117135551242658,0.3452961016094154,1.0,0.015625,0.0625,False
NDCG@P,SCMFDD,8,0.22769817318905228,0.2905871522778934,0.08929144301075811,0.35649628740779526,4.0,0.0546875,0.1640625,False
NDCG@P,CDPMFDDA,8,0.23608800563198093,0.24292380689151802,0.15935139411734212,0.31044859971660665,0.0,0.0078125,0.046875,True
NDCG@P,DRDDA,8,0.267787767478324,0.28560162864892347,0.1628242614993495,0.36873663266508283,0.0,0.0078125,0.046875,True
