method,dataset,source_file,comparison_role
IHWKNN,Cdataset,E:\论文\BMC_Bioinformatics_submission\revision_round1_20260916\experiments\evaluation_full_candidates\results\day2_full_candidates_map10_seed42\Cdataset\fold_metrics.csv,Primary: fixed shared parameters
IHWKNN,Fdataset,E:\论文\BMC_Bioinformatics_submission\revision_round1_20260916\experiments\evaluation_full_candidates\results\day2_full_candidates_map10_seed42\Fdataset\fold_metrics.csv,Primary: fixed shared parameters
IHWKNN,LRSSL,E:\论文\BMC_Bioinformatics_submission\revision_round1_20260916\experiments\evaluation_full_candidates\results\day2_full_candidates_map10_seed42\LRSSL\fold_metrics.csv,Primary: fixed shared parameters
IHWKNN,Ydataset,E:\论文\BMC_Bioinformatics_submission\revision_round1_20260916\experiments\evaluation_full_candidates\results\day2_full_candidates_map10_seed42\Ydataset\fold_metrics.csv,Primary: fixed shared parameters
IHWKNN,LAGCN,E:\论文\BMC_Bioinformatics_submission\revision_round1_20260916\experiments\evaluation_full_candidates\results\day2_full_candidates_map10_seed42\LAGCN\fold_metrics.csv,Primary: fixed shared parameters
IHWKNN,SCMFDDL,E:\论文\BMC_Bioinformatics_submission\revision_round1_20260916\experiments\evaluation_full_candidates\results\day2_full_candidates_map10_seed42\SCMFDDL\fold_metrics.csv,Primary: fixed shared parameters
IHWKNN,iDrug,E:\论文\BMC_Bioinformatics_submission\revision_round1_20260916\experiments\evaluation_full_candidates\results\day2_full_candidates_map10_seed42\iDrug\fold_metrics.csv,Primary: fixed shared parameters
IHWKNN,TLHGBI,E:\论文\BMC_Bioinformatics_submission\revision_round1_20260916\experiments\evaluation_full_candidates\results\day2_full_candidates_map10_seed42\TLHGBI\fold_metrics.csv,Primary: fixed shared parameters
SCMFDD,Cdataset,E:\论文\BMC_Bioinformatics_submission\revision_round1_20260916\experiments\new_baseline\results\existing_baselines_nested_commonseed_seed42_v2\Cdataset\SCMFDD\fold_metrics.csv,Primary: nested-tuned reconstruction
CDPMFDDA,Cdataset,E:\论文\BMC_Bioinformatics_submission\revision_round1_20260916\experiments\new_baseline\results\existing_baselines_nested_commonseed_seed42_v2\Cdataset\CDPMFDDA\fold_metrics.csv,Primary: nested-tuned reconstruction
DRDDA,Cdataset,E:\论文\BMC_Bioinformatics_submission\revision_round1_20260916\experiments\new_baseline\results\existing_baselines_nested_commonseed_seed42_v2\Cdataset\DRDDA\fold_metrics.csv,Primary: nested-tuned reconstruction
SCMFDD,Fdataset,E:\论文\BMC_Bioinformatics_submission\revision_round1_20260916\experiments\new_baseline\results\existing_baselines_nested_commonseed_seed42_v2\Fdataset\SCMFDD\fold_metrics.csv,Primary: nested-tuned reconstruction
CDPMFDDA,Fdataset,E:\论文\BMC_Bioinformatics_submission\revision_round1_20260916\experiments\new_baseline\results\existing_baselines_nested_commonseed_seed42_v2\Fdataset\CDPMFDDA\fold_metrics.csv,Primary: nested-tuned reconstruction
DRDDA,Fdataset,E:\论文\BMC_Bioinformatics_submission\revision_round1_20260916\experiments\new_baseline\results\existing_baselines_nested_commonseed_seed42_v2\Fdataset\DRDDA\fold_metrics.csv,Primary: nested-tuned reconstruction
SCMFDD,LRSSL,E:\论文\BMC_Bioinformatics_submission\revision_round1_20260916\experiments\new_baseline\results\existing_baselines_nested_commonseed_seed42_v2\LRSSL\SCMFDD\fold_metrics.csv,Primary: nested-tuned reconstruction
CDPMFDDA,LRSSL,E:\论文\BMC_Bioinformatics_submission\revision_round1_20260916\experiments\new_baseline\results\existing_baselines_nested_commonseed_seed42_v2\LRSSL\CDPMFDDA\fold_metrics.csv,Primary: nested-tuned reconstruction
DRDDA,LRSSL,E:\论文\BMC_Bioinformatics_submission\revision_round1_20260916\experiments\new_baseline\results\existing_baselines_nested_commonseed_seed42_v2\LRSSL\DRDDA\fold_metrics.csv,Primary: nested-tuned reconstruction
SCMFDD,Ydataset,E:\论文\BMC_Bioinformatics_submission\revision_round1_20260916\experiments\new_baseline\results\existing_baselines_nested_commonseed_seed42_v2\Ydataset\SCMFDD\fold_metrics.csv,Primary: nested-tuned reconstruction
CDPMFDDA,Ydataset,E:\论文\BMC_Bioinformatics_submission\revision_round1_20260916\experiments\new_baseline\results\existing_baselines_nested_commonseed_seed42_v2\Ydataset\CDPMFDDA\fold_metrics.csv,Primary: nested-tuned reconstruction
DRDDA,Ydataset,E:\论文\BMC_Bioinformatics_submission\revision_round1_20260916\experiments\new_baseline\results\existing_baselines_nested_commonseed_seed42_v2\Ydataset\DRDDA\fold_metrics.csv,Primary: nested-tuned reconstruction
SCMFDD,LAGCN,E:\论文\BMC_Bioinformatics_submission\revision_round1_20260916\experiments\new_baseline\results\existing_baselines_nested_commonseed_seed42_v2\LAGCN\SCMFDD\fold_metrics.csv,Primary: nested-tuned reconstruction
CDPMFDDA,LAGCN,E:\论文\BMC_Bioinformatics_submission\revision_round1_20260916\experiments\new_baseline\results\existing_baselines_nested_commonseed_seed42_v2\LAGCN\CDPMFDDA\fold_metrics.csv,Primary: nested-tuned reconstruction
DRDDA,LAGCN,E:\论文\BMC_Bioinformatics_submission\revision_round1_20260916\experiments\new_baseline\results\existing_baselines_nested_commonseed_seed42_v2\LAGCN\DRDDA\fold_metrics.csv,Primary: nested-tuned reconstruction
SCMFDD,SCMFDDL,E:\论文\BMC_Bioinformatics_submission\revision_round1_20260916\experiments\new_baseline\results\existing_baselines_nested_commonseed_seed42_v2\SCMFDDL\SCMFDD\fold_metrics.csv,Primary: nested-tuned reconstruction
CDPMFDDA,SCMFDDL,E:\论文\BMC_Bioinformatics_submission\revision_round1_20260916\experiments\new_baseline\results\existing_baselines_nested_commonseed_seed42_v2\SCMFDDL\CDPMFDDA\fold_metrics.csv,Primary: nested-tuned reconstruction
DRDDA,SCMFDDL,E:\论文\BMC_Bioinformatics_submission\revision_round1_20260916\experiments\new_baseline\results\existing_baselines_nested_commonseed_seed42_v2\SCMFDDL\DRDDA\fold_metrics.csv,Primary: nested-tuned reconstruction
SCMFDD,iDrug,E:\论文\BMC_Bioinformatics_submission\revision_round1_20260916\experiments\new_baseline\results\existing_baselines_nested_commonseed_seed42_v2\iDrug\SCMFDD\fold_metrics.csv,Primary: nested-tuned reconstruction
CDPMFDDA,iDrug,E:\论文\BMC_Bioinformatics_submission\revision_round1_20260916\experiments\new_baseline\results\existing_baselines_nested_commonseed_seed42_v2\iDrug\CDPMFDDA\fold_metrics.csv,Primary: nested-tuned reconstruction
DRDDA,iDrug,E:\论文\BMC_Bioinformatics_submission\revision_round1_20260916\experiments\new_baseline\results\existing_baselines_nested_commonseed_seed42_v2\iDrug\DRDDA\fold_metrics.csv,Primary: nested-tuned reconstruction
SCMFDD,TLHGBI,E:\论文\BMC_Bioinformatics_submission\revision_round1_20260916\experiments\new_baseline\results\existing_baselines_nested_commonseed_seed42_v2\TLHGBI\SCMFDD\fold_metrics.csv,Primary: nested-tuned reconstruction
CDPMFDDA,TLHGBI,E:\论文\BMC_Bioinformatics_submission\revision_round1_20260916\experiments\new_baseline\results\existing_baselines_nested_commonseed_seed42_v2\TLHGBI\CDPMFDDA\fold_metrics.csv,Primary: nested-tuned reconstruction
DRDDA,TLHGBI,E:\论文\BMC_Bioinformatics_submission\revision_round1_20260916\experiments\new_baseline\results\existing_baselines_nested_commonseed_seed42_v2\TLHGBI\DRDDA\fold_metrics.csv,Primary: nested-tuned reconstruction
AdaDR-adapted,Cdataset,E:\论文\BMC_Bioinformatics_submission\revision_round1_20260916\experiments\new_baseline\results\adadr_adapted_seed42_v1\Cdataset\fold_metrics.csv,Primary: exploratory adapter
AdaDR-adapted,Fdataset,E:\论文\BMC_Bioinformatics_submission\revision_round1_20260916\experiments\new_baseline\results\adadr_adapted_seed42_v1\Fdataset\fold_metrics.csv,Primary: exploratory adapter
AdaDR-adapted,LRSSL,E:\论文\BMC_Bioinformatics_submission\revision_round1_20260916\experiments\new_baseline\results\adadr_adapted_seed42_v1\LRSSL\fold_metrics.csv,Primary: exploratory adapter
AdaDR-adapted,Ydataset,E:\论文\BMC_Bioinformatics_submission\revision_round1_20260916\experiments\new_baseline\results\adadr_adapted_seed42_v1\Ydataset\fold_metrics.csv,Primary: exploratory adapter
AdaDR-adapted,LAGCN,E:\论文\BMC_Bioinformatics_submission\revision_round1_20260916\experiments\new_baseline\results\adadr_adapted_seed42_v1\LAGCN\fold_metrics.csv,Primary: exploratory adapter
AdaDR-adapted,SCMFDDL,E:\论文\BMC_Bioinformatics_submission\revision_round1_20260916\experiments\new_baseline\results\adadr_adapted_seed42_v1\SCMFDDL\fold_metrics.csv,Primary: exploratory adapter
AdaDR-adapted,iDrug,E:\论文\BMC_Bioinformatics_submission\revision_round1_20260916\experiments\new_baseline\results\adadr_adapted_seed42_v1\iDrug\fold_metrics.csv,Primary: exploratory adapter
AdaDR-adapted,TLHGBI,E:\论文\BMC_Bioinformatics_submission\revision_round1_20260916\experiments\new_baseline\results\adadr_adapted_seed42_v1\TLHGBI\fold_metrics.csv,Primary: exploratory adapter
MDGCN-common-protocol,Cdataset,E:\论文\BMC_Bioinformatics_submission\revision_round1_20260916\experiments\new_baseline\results\mdgcn_published_Cdataset_10fold_seed42\Cdataset\fold_metrics.csv,Primary: published profile
MDGCN-common-protocol,Fdataset,E:\论文\BMC_Bioinformatics_submission\revision_round1_20260916\experiments\new_baseline\results\mdgcn_published_Fdataset_10fold_seed42\Fdataset\fold_metrics.csv,Primary: published profile
MDGCN-common-protocol,LRSSL,E:\论文\BMC_Bioinformatics_submission\revision_round1_20260916\experiments\new_baseline\results\mdgcn_published_LRSSL_10fold_seed42\LRSSL\fold_metrics.csv,Primary: published profile
MDGCN-common-protocol,Ydataset,E:\论文\BMC_Bioinformatics_submission\revision_round1_20260916\experiments\new_baseline\results\mdgcn_adapted_Ydataset_10fold_seed42\Ydataset\fold_metrics.csv,Primary: inner-selected published profile
MDGCN-common-protocol,LAGCN,E:\论文\BMC_Bioinformatics_submission\revision_round1_20260916\experiments\new_baseline\results\mdgcn_published_LAGCN_10fold_seed42\LAGCN\fold_metrics.csv,Primary: published profile
MDGCN-common-protocol,SCMFDDL,E:\论文\BMC_Bioinformatics_submission\revision_round1_20260916\experiments\new_baseline\results\mdgcn_adapted_SCMFDDL_10fold_seed42\SCMFDDL\fold_metrics.csv,Primary: inner-selected published profile
MDGCN-common-protocol,iDrug,E:\论文\BMC_Bioinformatics_submission\revision_round1_20260916\experiments\new_baseline\results\mdgcn_adapted_iDrug_10fold_seed42\iDrug\fold_metrics.csv,Primary: inner-selected published profile
MDGCN-common-protocol,TLHGBI,E:\论文\BMC_Bioinformatics_submission\revision_round1_20260916\experiments\new_baseline\results\mdgcn_adapted_TLHGBI_10fold_seed42\TLHGBI\fold_metrics.csv,Primary: inner-selected published profile
MCDR-adapted-no-DDI,Cdataset,E:\论文\BMC_Bioinformatics_submission\revision_round1_20260916\experiments\new_baseline\results\mcdr_no_ddi_inner_Cdataset_10fold_seed42\Cdataset\fold_metrics.csv,Primary: drug similarity replaces unavailable DDI branch
MCDR-adapted-no-DDI,Fdataset,E:\论文\BMC_Bioinformatics_submission\revision_round1_20260916\experiments\new_baseline\results\mcdr_no_ddi_inner_Fdataset_10fold_seed42\Fdataset\fold_metrics.csv,Primary: drug similarity replaces unavailable DDI branch
MCDR-adapted-no-DDI,LRSSL,E:\论文\BMC_Bioinformatics_submission\revision_round1_20260916\experiments\new_baseline\results\mcdr_no_ddi_inner_LRSSL_10fold_seed42\LRSSL\fold_metrics.csv,Primary: drug similarity replaces unavailable DDI branch
MCDR-adapted-no-DDI,Ydataset,E:\论文\BMC_Bioinformatics_submission\revision_round1_20260916\experiments\new_baseline\results\mcdr_no_ddi_inner_Ydataset_10fold_seed42\Ydataset\fold_metrics.csv,Primary: drug similarity replaces unavailable DDI branch
MCDR-adapted-no-DDI,LAGCN,E:\论文\BMC_Bioinformatics_submission\revision_round1_20260916\experiments\new_baseline\results\mcdr_no_ddi_inner_LAGCN_10fold_seed42\LAGCN\fold_metrics.csv,Primary: drug similarity replaces unavailable DDI branch
MCDR-adapted-no-DDI,SCMFDDL,E:\论文\BMC_Bioinformatics_submission\revision_round1_20260916\experiments\new_baseline\results\mcdr_no_ddi_inner_SCMFDDL_10fold_seed42\SCMFDDL\fold_metrics.csv,Primary: drug similarity replaces unavailable DDI branch
MCDR-adapted-no-DDI,iDrug,E:\论文\BMC_Bioinformatics_submission\revision_round1_20260916\experiments\new_baseline\results\mcdr_no_ddi_inner_iDrug_10fold_seed42\iDrug\fold_metrics.csv,Primary: drug similarity replaces unavailable DDI branch
MCDR-adapted-no-DDI,TLHGBI,E:\论文\BMC_Bioinformatics_submission\revision_round1_20260916\experiments\new_baseline\results\mcdr_no_ddi_inner_TLHGBI_10fold_seed42\TLHGBI\fold_metrics.csv,Primary: drug similarity replaces unavailable DDI branch
