method,dataset,fold_count,complete
MDGCN-common-protocol,Cdataset,10,True
MDGCN-common-protocol,Fdataset,10,True
MDGCN-common-protocol,LRSSL,10,True
MDGCN-common-protocol,Ydataset,10,True
MDGCN-common-protocol,LAGCN,10,True
MDGCN-common-protocol,SCMFDDL,10,True
MDGCN-common-protocol,iDrug,10,True
MDGCN-common-protocol,TLHGBI,10,True
MCDR-adapted-no-DDI,Cdataset,10,True
MCDR-adapted-no-DDI,Fdataset,10,True
MCDR-adapted-no-DDI,LRSSL,10,True
MCDR-adapted-no-DDI,Ydataset,10,True
MCDR-adapted-no-DDI,LAGCN,10,True
MCDR-adapted-no-DDI,SCMFDDL,10,True
MCDR-adapted-no-DDI,iDrug,10,True
MCDR-adapted-no-DDI,TLHGBI,10,True
AdaDR-adapted,Cdataset,10,True
AdaDR-adapted,Fdataset,10,True
AdaDR-adapted,LRSSL,10,True
AdaDR-adapted,Ydataset,10,True
AdaDR-adapted,LAGCN,10,True
AdaDR-adapted,SCMFDDL,10,True
AdaDR-adapted,iDrug,10,True
AdaDR-adapted,TLHGBI,10,True
DRDDA,Cdataset,10,True
DRDDA,Fdataset,10,True
DRDDA,LRSSL,10,True
DRDDA,Ydataset,10,True
DRDDA,LAGCN,10,True
DRDDA,SCMFDDL,10,True
DRDDA,iDrug,10,True
DRDDA,TLHGBI,10,True
CDPMFDDA,Cdataset,10,True
CDPMFDDA,Fdataset,10,True
CDPMFDDA,LRSSL,10,True
CDPMFDDA,Ydataset,10,True
CDPMFDDA,LAGCN,10,True
CDPMFDDA,SCMFDDL,10,True
CDPMFDDA,iDrug,10,True
CDPMFDDA,TLHGBI,10,True
