"file","sha256"
"cold_start_dataset_metrics_all.csv","a15766dd8692d051dd6fb17c0d262ecafa67f3dc953e4df8496ea22252dad533"
"dataset_model_protocol_metrics.csv","db4331e61becca82da84ef5ec36fbfe368e191addab96fa86265d812031b5bcb"
"FREEZE_AUDIT.md","4e8839e62d6d6a42c4a7f7d46791bae101db785105566d6c864c5328cd120608"
"ihwknn_win_loss_summary.csv","9f8013e51781a5a0186e8c9b5663d66e5c57523ad15316025c6cb5c3b11e3cfc"
"lodo_selection_by_target.csv","a2c290486f1f59ff9fd7b2f131781a0fe1270c58bc0e368be062023be512da37"
"mdgcn_evaluation_noise_by_fold.csv","fa044a24dc2f00ea5f631b5ba085bfa677d82db4be0645b8149d55c4781cfb46"
"mdgcn_evaluation_noise_overall.csv","802cae8dd1e34ad88b4e47e0bdafa969f76bcb039f4b62cf35ccecf546931814"
"overall_protocol_summary.csv","9274dcfbd05059733a77e51f3e2ce49d8683726d11184d7300e0140631c0d669"
"paired_dataset_statistics_full_unknown.csv","bd01ec4684a4ec9d3e262cd0f31bdcf197fa8e3fd4e2d00f951c49e75a261d9b"
"primary_raw_fold_metrics.csv","ca022ec8e7f2ef44ef1864fb0728530fcd48bf89d2fd7dd67f623a4427c2886b"
"primary_source_provenance.csv","8e9cde76d58121a64b38a21f39ddba69b0dc3722445c3ce7c3b74310ab3b3749"
"README.md","f010ea1c0167d054b17bfa3ff198b63f133fc9df2e07fe62242df4edb26042d0"
"sensitivity_coverage.csv","709c375ae9304d1ffc6f2bde3093c81ccf1c12aad7f42be7d21ce2db2c635a6a"
"stopping_policy_overall_metrics.csv","729c4907acda569c2952b3e803d224ecfd1dedca7733f2e1aab64eabc15abe69"
"training_zero_exclusion_aggregate_deltas.csv","c1e2d1875c70c08811ea2107a617f45db66631357e1772d3479191504e431417"
"training_zero_exclusion_dataset_summary.csv","eddbe709b25d85564c0f13b295294d71f33aa8690d61c80950f54bfb5b39454f"
