policy,policy_label,policy_family,dataset_count,selected_iteration_mean,auc_mean,aupr_mean,map_at_10_mean
boundary_tau_0,Current boundary,effective_support_boundary,8,1.125,0.9307784964310892,0.1865399943745115,0.3695305034102118
boundary_tau_0.0001,Boundary tau=1e-4,effective_support_boundary,8,1.125,0.9307784964310892,0.1865399943745115,0.3695305034102118
boundary_tau_0.001,Boundary tau=1e-3,effective_support_boundary,8,1.125,0.9307784964310892,0.1865399943745115,0.3695305034102118
validation_early_stopping,Inner-validation stopping,validation_selection,8,1.1375,0.9307223330410038,0.18627204778182246,0.36952312820135635
boundary_tau_0.01,Boundary tau=1e-2,effective_support_boundary,8,2.5,0.9283676075516764,0.18447165533672893,0.3682907689591123
fixed_1,Fixed t=1,fixed_iteration,8,1.0,0.9269509647715556,0.18844322221752183,0.37069023530620804
fixed_2,Fixed t=2,fixed_iteration,8,2.0,0.9219528141610032,0.15291917590268034,0.34939242249683294
boundary_tau_0.05,Boundary tau=0.05,effective_support_boundary,8,7.875,0.9128758898667875,0.1178872658982287,0.3099032984352695
fixed_3,Fixed t=3,fixed_iteration,8,3.0,0.9108207487485693,0.12910345936728085,0.3325618115202819
fixed_4,Fixed t=4,fixed_iteration,8,4.0,0.8997305922586177,0.11179483756767349,0.32009102925894645
fixed_5,Fixed t=5,fixed_iteration,8,5.0,0.8892226612537765,0.09864307814659443,0.30951310462538695
convergence_eps_0.1,Convergence eps=0.1,score_convergence,8,4.5,0.8826888896860337,0.12357064880948485,0.32434122299858487
convergence_eps_0.05,Convergence eps=0.05,score_convergence,8,13.375,0.8173533257237565,0.04885824080329395,0.18428308056899664
convergence_eps_0.01,Convergence eps=0.01,score_convergence,8,45.625,0.723143663413583,0.015838846139058237,0.05128292947574613
convergence_eps_0.001,Convergence eps=0.001,score_convergence,8,47.5,0.7220764823708187,0.015504341773817026,0.051208998684296264
