method,dataset,auc,aupr,f1max,recall_at_p,map_at_10,ndcg_at_p,method_primary,auc_mean,aupr_mean,f1max_mean,recall_at_p_mean,map_at_10_mean,ndcg_at_p_mean,auc_delta_excluding_training_zeros,aupr_delta_excluding_training_zeros,f1max_delta_excluding_training_zeros,recall_at_p_delta_excluding_training_zeros,map_at_10_delta_excluding_training_zeros,ndcg_at_p_delta_excluding_training_zeros
AdaDR-adapted,Cdataset,0.8241444185194746,0.00913726164154567,0.03918019752589476,0.02763997385702277,0.1357474533512687,0.03005169990552911,AdaDR-adapted,0.824528868449239,0.0091168297583499,0.039112442329264,0.0276399738570227,0.1357025694473727,0.0300622088229699,-0.0003844499297643855,2.0431883195769565e-05,6.775519663075602e-05,6.938893903907228e-17,4.488390389600916e-05,-1.0508917440789356e-05
AdaDR-adapted,Fdataset,0.7933318603459232,0.00810168910625578,0.03536598127684692,0.01914961807595745,0.1325326098740077,0.02355205722424459,AdaDR-adapted,0.7939054750696161,0.0080715913242252,0.035178720811559,0.0191496180759574,0.1320133051253167,0.0235248399319067,-0.0005736147236928835,3.009778203058068e-05,0.0001872604652879209,4.85722573273506e-17,0.0005193047486909963,2.7217292337889526e-05
AdaDR-adapted,LAGCN,0.7766278683156838,0.06462134338887843,0.12979609594669195,0.11712554134000482,0.06385276226825076,0.12725618689807142,AdaDR-adapted,0.7781100092507243,0.05912404317801,0.1225282800789667,0.110175275321855,0.0591241808789766,0.1196787583544231,-0.0014821409350405101,0.0054973002108684305,0.00726781586772525,0.006950266018149812,0.004728581389274164,0.007577428543648318
AdaDR-adapted,LRSSL,0.8311978026327964,0.01592857492397692,0.06016628980405871,0.04850530376084857,0.11859634931236637,0.062116506333660323,AdaDR-adapted,0.8314701769464948,0.0159654294382862,0.060283302690681,0.0488331726133075,0.1188802940095518,0.0624174270892309,-0.00027237431369842025,-3.685451430927855e-05,-0.00011701288662228915,-0.0003278688524589318,-0.0002839446971854287,-0.0003009207555705745
AdaDR-adapted,SCMFDDL,0.8942281968972925,0.02485738656148943,0.07055449898131202,0.06337638358806683,0.03816600705862141,0.06922651037780422,AdaDR-adapted,0.8943471424278406,0.0246471808952816,0.0702156266833478,0.0628065208871233,0.037928874721061,0.0685992570822764,-0.00011894553054814239,0.00021020566620783,0.0003388722979642267,0.0005698627009435298,0.0002371323375604112,0.0006272532955278187
AdaDR-adapted,TLHGBI,0.9631608387928903,0.00217473590467125,0.01584527336921355,0.00684465567048734,0.11010887443940072,0.00719069569139154,AdaDR-adapted,0.9633899443665443,0.0021667055929086,0.0162075776410938,0.0068446556704873,0.1079565234534114,0.0069654654346938,-0.0002291055736540759,8.03031176265e-06,-0.00036230427188025174,3.9898639947466563e-17,0.0021523509859893153,0.0002252302566977402
AdaDR-adapted,Ydataset,0.8725123820228106,0.0147363163480212,0.050068610373726175,0.04332468661487978,0.10323740023926106,0.05193512747701071,AdaDR-adapted,0.8727032195959181,0.0147208252012022,0.0501396516742347,0.0433246866148797,0.1033245326943689,0.0519699607205231,-0.00019083757310756067,1.5491146818999088e-05,-7.104130050852864e-05,8.326672684688674e-17,-8.713245510784395e-05,-3.483324351238881e-05
AdaDR-adapted,iDrug,0.9330886021454642,0.06742439529235997,0.135679179498701,0.12867663919425498,0.08873196884584186,0.13797407460562622,AdaDR-adapted,0.933154571574294,0.0665998301047872,0.1346261533006582,0.1275105212002099,0.088108684643429,0.1367810168546125,-6.596942882985957e-05,0.0008245651875727622,0.0010530261980428168,0.0011661179940450905,0.000623284202412866,0.0011930577510137208
CDPMFDDA,Cdataset,0.8280608139027578,0.04141114468649265,0.13383027289420768,0.1097864990196383,0.3019131916034986,0.10969168397925713,CDPMFDDA,0.8282077460836887,0.0413167290298249,0.1336932857618201,0.1097864990196383,0.3012047295708989,0.1096647273610035,-0.00014693218093098093,9.441565666774843e-05,0.0001369871323875782,0.0,0.0007084620325997215,2.6956618253637377e-05
CDPMFDDA,Fdataset,0.7968918162929601,0.027256538133092773,0.10088952344985273,0.07864163239143204,0.2812332087356953,0.08238668895610346,CDPMFDDA,0.7971009432108744,0.0271144856883031,0.1006779076482536,0.078641632391432,0.2806889816476577,0.0822090662089865,-0.00020912691791430404,0.000142052444789674,0.00021161580159913262,4.163336342344337e-17,0.0005442270880375855,0.00017762274711695392
CDPMFDDA,LAGCN,0.6769227521415645,0.03598000179865796,0.0911906424808395,0.04088782414787784,0.022108305451175432,0.040094581884287224,CDPMFDDA,0.6772158676802535,0.0320195445189203,0.0823361206686276,0.0347518313997549,0.0194288625539914,0.0340973376808155,-0.00029311553868904827,0.003960457279737657,0.008854521812211899,0.0061359927481229384,0.0026794428971840326,0.005997244203471724
CDPMFDDA,LRSSL,0.7996448885935092,0.027392984730975463,0.09897321491457516,0.09143897996357007,0.201524618236176,0.10155615741099404,CDPMFDDA,0.7997595553021913,0.0273326826269099,0.0988846328629632,0.091111111111111,0.201519486873286,0.1012667812540869,-0.0001146667086820985,6.030210406556338e-05,8.858205161195454e-05,0.0003278688524590706,5.131362890015145e-06,0.00028937615690713403
CDPMFDDA,SCMFDDL,0.8101874574530589,0.01197985458020865,0.03301933235858201,0.013839384865234599,0.00937788633319564,0.0133392850255386,CDPMFDDA,0.810201649417092,0.0118408529172308,0.0326485055271602,0.0134934013826746,0.0092910255696577,0.0130237655510517,-1.4191964033183346e-05,0.0001390016629778494,0.00037082683142181105,0.00034598348255999826,8.686076353793884e-05,0.00031551947448689964
CDPMFDDA,TLHGBI,0.8383608036272333,0.01388965521662664,0.06016258564666203,0.04309943155344325,0.2446792571675643,0.04225251434231878,CDPMFDDA,0.8383628932613728,0.0138894386501023,0.060162585646662,0.0430994315534432,0.2446792571675643,0.0422525143423187,-2.089634139501584e-06,2.165665243386572e-07,2.7755575615628914e-17,4.85722573273506e-17,0.0,8.326672684688674e-17
CDPMFDDA,Ydataset,0.8253117563703303,0.02919757574808468,0.10085443775655471,0.06794273535432845,0.17818023765473873,0.06676510073037659,CDPMFDDA,0.8253544518951867,0.0290253061710085,0.1003921506380573,0.0674690821391513,0.1776288319775959,0.0663072735542285,-4.26955248564731e-05,0.00017226957707618118,0.000462287118497412,0.0004736532151771444,0.0005514056771428189,0.0004578271761480901
CDPMFDDA,iDrug,0.8626582023351721,0.01983189036791616,0.045243555987818276,0.04545168226079955,0.02847436891821898,0.04759702403586036,CDPMFDDA,0.8626622916066019,0.0194536096978507,0.044406691240492,0.0449493556359251,0.0280905366912409,0.0470425989071493,-4.0892714298079724e-06,0.00037828067006545965,0.0008368647473262769,0.0005023266248744482,0.0003838322269780793,0.0005544251287110599
DRDDA,Cdataset,0.6810817265967745,0.00363794313162421,0.02125857122083662,0.01184681460272005,0.0730897744598014,0.01186897487555679,DRDDA,0.6815055701541096,0.0036206610114364,0.0212131935957278,0.01184681460272,0.0725952656966497,0.0118628219943797,-0.00042384355733515733,1.72821201878102e-05,4.537762510882157e-05,5.0306980803327406e-17,0.0004945087631516992,6.1528811770902164e-06
DRDDA,Fdataset,0.6789147990116644,0.00471777885924232,0.025885225356266767,0.00982319320549113,0.09590359819771996,0.01305996219488422,DRDDA,0.6795062392770336,0.0046956902915802,0.0257900238379597,0.0098231932054911,0.0956716699548248,0.0130562765038964,-0.0005914402653691697,2.2088567662120404e-05,9.520151830706702e-05,2.949029909160572e-17,0.00023192824289515468,3.685690987818846e-06
DRDDA,LAGCN,0.6999431336144077,0.03727270270755587,0.08366501054929179,0.06999317629976153,0.02742950294282312,0.0737029538187143,DRDDA,0.7011127604725848,0.0334339462512189,0.0774217590232222,0.0636943760796573,0.0250739486892908,0.0672887885074543,-0.0011696268581770086,0.003838756456336974,0.006243251526069596,0.00629880022010422,0.0023555542535323194,0.006414165311260003
DRDDA,LRSSL,0.6577538718556764,0.0019342841908926,0.01648215849036723,0.01048537447765986,0.042308159369979406,0.00961421334260822,DRDDA,0.6580319517199571,0.0019285001567307,0.0164550904014049,0.0104853744776598,0.0422664968580179,0.0096144737712672,-0.0002780798642807447,5.784034161900086e-06,2.7068088962328707e-05,6.071532165918825e-17,4.166251196150578e-05,-2.604286589800303e-07
DRDDA,SCMFDDL,0.726286101610576,0.0048315623235147005,0.02064164569695295,0.01705528868158623,0.011076526201137379,0.01853545000297662,DRDDA,0.7263631538305808,0.0047775932473472,0.0204900378909399,0.0168924636663288,0.011011316603146,0.0183637310529598,-7.705222000475853e-05,5.3969076167500324e-05,0.0001516078060130495,0.00016282501525742912,6.520959799137874e-05,0.00017171895001681994
DRDDA,TLHGBI,0.8627883057750656,0.0035182352637878798,0.02524075139743388,0.01093560711956012,0.12617613794953378,0.01528803750781527,DRDDA,0.8627950618264691,0.0035181084291176,0.0252407513974338,0.0109356071195601,0.1261761379495337,0.0152880375078152,-6.756051403544738e-06,1.2683467027997317e-07,7.979727989493313e-17,2.0816681711721685e-17,8.326672684688674e-17,6.938893903907228e-17
DRDDA,Ydataset,0.7435089045293697,0.00380755933023392,0.01774346023743152,0.01112678426203758,0.044690481615874834,0.012540737986494322,DRDDA,0.7436882003737747,0.0037857655452765,0.0176678976473776,0.0111267842620375,0.0445587686918294,0.012530944840248,-0.00017929584440501412,2.1793784957419796e-05,7.556259005392016e-05,7.979727989493313e-17,0.0001317129240454365,9.793146246321605e-06
DRDDA,iDrug,0.8042349340236781,0.03014669702388878,0.09174571566531714,0.08889423583341834,0.00779987255628137,0.09518409477743509,DRDDA,0.8042853047738092,0.0296047836996841,0.0908451806893634,0.0881228026423437,0.0077068589737779,0.0942608959108754,-5.037075013114567e-05,0.0005419133242046785,0.0009005349759537429,0.0007714331910746303,9.301358250347024e-05,0.0009231988665596852
MCDR-adapted-no-DDI,Cdataset,0.8579615130532865,0.00650682353442157,0.01969127127544753,0.00750210077495248,0.12155321264720109,0.00646352341436509,MCDR-adapted-no-DDI,0.8576374919306786,0.0063150317852036,0.0194564397179747,0.0082910584793501,0.1102732145045177,0.0071514511631026,0.00032402112260787597,0.00019179174921796997,0.00023483155747282963,-0.00078895770439762,0.011279998142683392,-0.00068792774873751
MCDR-adapted-no-DDI,Fdataset,0.8187751096334217,0.005237554339713999,0.018806342882944502,0.00845671608451371,0.09900117394446953,0.007589032672319209,MCDR-adapted-no-DDI,0.8224017950495781,0.0050449105999695,0.0161038769244149,0.0041370653277068,0.1007718473973056,0.0041554710852891,-0.0036266854161564055,0.00019264373974449932,0.002702465958529604,0.00431965075680691,-0.0017706734528360746,0.0034335615870301085
MCDR-adapted-no-DDI,LAGCN,0.8462007520496225,0.1273058498036305,0.1994308218755095,0.19412477640143877,0.1181443248326191,0.2183493733869181,MCDR-adapted-no-DDI,0.8486797995041458,0.1208763621395712,0.1937157377766436,0.1888574047173767,0.1123294871073967,0.2132210220352428,-0.00247904745452332,0.006429487664059291,0.005715084098865897,0.005267371684062078,0.005814837725222399,0.005128351351675303
MCDR-adapted-no-DDI,LRSSL,0.8218744252187845,0.00496133579323141,0.01845134958384383,0.010161791492553269,0.06515165639550348,0.011350475761550221,MCDR-adapted-no-DDI,0.8198382964947472,0.004843683972452,0.0188953688821324,0.0104885888781741,0.0622706902573472,0.0114487362239765,0.002036128724037356,0.00011765182077941045,-0.0004440192982885713,-0.0003267973856208306,0.0028809661381562768,-9.826046242627888e-05
MCDR-adapted-no-DDI,SCMFDDL,0.930884718452903,0.051355685715655984,0.11723681353659629,0.11254696182438903,0.06250122700752662,0.1250443866568159,MCDR-adapted-no-DDI,0.9314195630079004,0.0510504020925089,0.1171192274631575,0.1123434574788126,0.0625140159730351,0.1244469332149783,-0.0005348445549974157,0.00030528362314708596,0.00011758607343878569,0.0002035043455764357,-1.2788965508478412e-05,0.0005974534418375921
MCDR-adapted-no-DDI,TLHGBI,0.9698356871278013,0.0015347446341899599,0.006450952863250539,0.00273972602739724,0.04878922732458285,0.00216621980761572,MCDR-adapted-no-DDI,0.9700338074841556,0.001561455208749,0.0065445910435938,0.0027397260273972,0.0496911040906484,0.0021662198076157,-0.00019812035635424774,-2.6710574559040204e-05,-9.363818034326121e-05,3.9898639947466563e-17,-0.0009018767660655472,1.9949319973733282e-17
MCDR-adapted-no-DDI,Ydataset,0.9158691420186772,0.013705561886899559,0.0435379990502888,0.02237191171934149,0.15206873359943876,0.02096255753535644,MCDR-adapted-no-DDI,0.9153135524964394,0.013059923730231,0.0414525101140391,0.018702711797863,0.1473851773943768,0.0172516289273405,0.000555589522237776,0.0006456381566685588,0.0020854889362496992,0.0036691999214784887,0.004683556205061973,0.0037109286080159384
MCDR-adapted-no-DDI,iDrug,0.9628560573568589,0.15193398805911398,0.2195309122371793,0.2184766257610525,0.14009986574495709,0.24260828302018686,MCDR-adapted-no-DDI,0.9629082432822832,0.1527714238235232,0.218835052515685,0.2176961740765389,0.139207322321817,0.2424874039792026,-5.218592542433065e-05,-0.0008374357644092278,0.0006958597214943019,0.0007804516845136,0.0008925434231400742,0.00012087904098426194
MDGCN-adapted,SCMFDDL,0.9358289307267439,0.0572300334153892,0.12652190783054656,0.122702570514498,0.07091683970109146,0.13399275120378112,MDGCN-common-protocol,0.9365219133832432,0.0573210165805963,0.1268154233159567,0.1223973284934,0.0709265996514568,0.1335771536902426,-0.000692982656499308,-9.098316520710081e-05,-0.00029351548541012296,0.0003052420210979956,-9.759950365340053e-06,0.0004155975135385348
MDGCN-adapted,TLHGBI,0.9690832644715544,0.05043879704248788,0.1312827592918649,0.11704407790513463,0.43346959028269305,0.13520955663864503,MDGCN-common-protocol,0.9690889442348936,0.0504387985198111,0.1312827592918649,0.1170440779051346,0.433469590282693,0.135209556638645,-5.6797633392058344e-06,-1.477323215148818e-09,0.0,2.7755575615628914e-17,5.551115123125783e-17,2.7755575615628914e-17
MDGCN-adapted,Ydataset,0.9368021841864793,0.08270713280187533,0.16989147282025452,0.16169648616057652,0.32436482661517513,0.1807736519355212,MDGCN-common-protocol,0.937284146099554,0.0827144855721251,0.1698919166602965,0.1612229731624554,0.3245263698108611,0.180335897927141,-0.00048196191307470215,-7.352770249768881e-06,-4.4384004196929006e-07,0.0004735129981211228,-0.00016154319568595366,0.00043775400838019785
MDGCN-adapted,iDrug,0.9680459369435276,0.12224992204707244,0.1953797528794465,0.1934948518233126,0.16100580231645423,0.20969731943291814,MDGCN-common-protocol,0.968638243679869,0.1220860237312772,0.1953052202316684,0.1931719191164158,0.1616059360102963,0.2093185719251943,-0.0005923067363413637,0.00016389831579524672,7.45326477780972e-05,0.00032293270689681686,-0.0006001336938420698,0.0003787475077238478
MDGCN-paper-guided,Cdataset,0.9068549868953222,0.19123949644440635,0.3080036760569085,0.2926441754069279,0.4833249943339947,0.336164523028635,MDGCN-common-protocol,0.9076450927028484,0.1912291448885177,0.3080036760569085,0.2926441754069279,0.4833249943339947,0.336163154445504,-0.0007901058075262535,1.0351555888660213e-05,0.0,0.0,0.0,1.3685831309895313e-06
MDGCN-paper-guided,Fdataset,0.8369867962633529,0.06007729070019201,0.15161826728179467,0.14068425831953416,0.31074168725231743,0.16564092569015543,MDGCN-common-protocol,0.838530798712674,0.0600773393259311,0.1516182672817946,0.1406842583195341,0.3107416872523174,0.1656409256901554,-0.0015440024493210691,-4.862573909497625e-08,8.326672684688674e-17,5.551115123125783e-17,5.551115123125783e-17,2.7755575615628914e-17
MDGCN-paper-guided,LAGCN,0.8523012432016847,0.13791994984326375,0.20878677134222992,0.20265021429485577,0.12284277611617136,0.22966354219723456,MDGCN-common-protocol,0.8656065004979883,0.1381820405900047,0.2088075296456892,0.2018898169986216,0.1247662772420553,0.2294487710427346,-0.013305257296303608,-0.00026209074674093946,-2.0758303459267324e-05,0.0007603972962341721,-0.0019235011258839363,0.00021477115449997086
MDGCN-paper-guided,LRSSL,0.8605747234114125,0.051113556311035424,0.116626788801242,0.10619950712525442,0.30171265122434654,0.13273920578687456,MDGCN-common-protocol,0.8613158893548871,0.0511135458931261,0.116626788801242,0.1061995071252544,0.3017126512243465,0.1327392057868745,-0.0007411659434746198,1.0417909326876362e-08,0.0,1.3877787807814457e-17,5.551115123125783e-17,5.551115123125783e-17
